,Year,Electricity,Short tons,Y3,X1,Workers,Heat content of coal,Heat content of oil,Head content of gas,F1,F2,Phase I
3,85,8505038000,47579.87,25909.18,343569045,430,8.30E+13,60330837000,1.02E+12,25028.16,2.685116,0
8,85,7052240000,74147.13,23087.63,323831190,511,7.10E+13,1.82E+11,0,38996.44,16.061577,0
470,85,3512995000,13584.68,16187.56,167279114,114,3.61E+13,56354949000,10637100000,7772.21,4.813561,0
602,85,2599547000,13880.34,7878.81,221304215,120,2.59E+13,2.82E+11,0,7249.1,10.82828,0
641,85,4424840000,99670.58,19510.88,256246985,221,4.51E+13,73651200000,4.73E+11,52473.57,7.620728,0
708,85,4869227000,62101.2,22580.14,180224048,309,5.12E+13,68888400000,0,32658.85,3.512679,0
709,85,11243293000,97124,45296.83,297707598,469,1.03E+14,50206800000,0,51057,3.840132,0
728,85,6697031000,126444.62,22005.12,286073927,454,6.73E+13,88153800000,0,66522.03,4.495039,0
856,85,2990250000,19432.06,12517.68,185343067,151,2.98E+13,33976954200,0,10239.3,1.480981,0
861,85,3815905000,137059.1,32399.49,220434247,302,4.11E+13,46962535200,0,72142.92,2.828004,0
862,85,461680200,11533.93,2438.26,87672558,104,5.14E+12,20232009000,0,6073.49,0.839471,0
863,85,841671100,20253.06,4414.87,66862194,93,8.85E+12,18938656800,0,10654.04,0.763561,0
864,85,1361606400,31799.51,4816.93,132142948,147,1.41E+13,1.29E+11,0,16723.56,14.126626,0
876,85,4916216000,169540.06,44618.21,265682138,341,5.56E+13,0,85069200000,89290.32,0,0
879,85,6156632000,35435.25,30829.15,562193049,431,6.85E+13,0,88600000000,20302.8,0,0
887,85,6250211000,105605.24,21032.51,364533642,359,6.52E+13,28888780200,0,55569.3,1.600055,0
889,85,10712766800,264745.81,66912.47,346395933,264,1.07E+14,98196000000,0,139445.84,4.971334,0
983,85,9776515000,260099.81,66327.25,342076996,392,9.59E+13,13708800000,0,137001.62,1.071665,0
988,85,3493243000,64674.99,21149.5,328853406,328,3.49E+13,2.19E+11,0,33976.41,19.89129,0
991,85,699555000,15188.83,2660.16,111402061,96,8.05E+12,1.24E+11,0,7974.48,9.778942,0
994,85,6713205000,83640.98,20704.12,353857601,280,6.93E+13,1.41E+11,0,69912.06,11.118523,0
1004,85,241560000,7683.85,1582.18,65376392,71,3.11E+12,29345400000,0,4045.4,2.277288,0
1008,85,2229338000,60911.75,10989.46,143671209,161,2.32E+13,93214800000,0,32023.85,7.233738,0
1012,85,2123220110,60819.98,11519.71,99939195,87,2.23E+13,5808600000,15926400000,32014,0.297685,0
1047,85,1123422080,5974.85,7938.22,94298163,52,1.24E+13,48804000000,0,3345.95,6.176957,0
1250,85,1386226000,4237.02,5781.75,114421452,137,1.65E+13,0,4.56E+11,4662.43,0,0
1355,85,3166277000,54106.96,11282.09,128425614,132,3.42E+13,55802880000,0,28455.58,2.857773,0
1356,85,6493437000,91540.15,23615.73,392609657,228,6.97E+13,2.75E+11,0,48158.46,28.16097,0
1357,85,1040650000,21074.46,5813.4,72319847,103,1.23E+13,11625600000,0,11170.68,1.190739,0
1364,85,6191186000,47789.36,25168.12,333422298,472,6.32E+13,1.84E+11,1.70E+11,92248.15,9.31753,0
1570,85,407195000,3268.97,1464.38,58724433,65,4.49E+12,34939800000,0,1723.22,2.634509,0
1606,85,1037372000,9783.67,4189.01,37967677,69,1.06E+13,15023299200,0,5139.45,0.928776,0
1695,85,1189344000,8279.12,3946.3,150550516,196,1.24E+13,49623000000,0,4357.96,7.464443,0
1745,85,3593934000,21868.6,10870.04,357948510,327,3.71E+13,2.88E+11,0,11529.5,20.870673,0
1943,85,361328300,4248.18,1892.23,43902006,38,4.43E+12,5254200000,0,2819.88,0.535832,0
2080,85,2030401360,88197.15,8450.04,104068580,157,2.19E+13,58230522000,0,48868,4.599228,0
2103,85,12388384000,262230.63,41499.74,535381815,504,1.24E+14,3.42E+11,0,137963.56,44.280595,0
2107,85,2319200000,54941.09,19561.74,201277222,275,2.49E+13,67897200000,0,28902.68,8.781698,0
2526,85,863161700,14917.55,3488.03,79758704,79,9.76E+12,33163200000,0,7857.84,1.166924,0
2527,85,1133814055,19949.18,4683.75,78959364,97,1.25E+13,56595000000,0,10488.63,7.293275,0
2535,85,1732889100,24201.67,5261.91,88827217,85,1.64E+13,16278897600,0,12738.93,2.083793,0
2549,85,4073624000,48879.4,19146.5,354425137,304,4.32E+13,0,0,25745.39,0,0
2554,85,3334655000,51011.77,10224,200616344,210,3.44E+13,0,0,26838.8,0,0
2642,85,1428566000,24166.88,4282.78,89554759,134,1.48E+13,46368000000,0,12718.14,6.668137,0
2706,85,2122128000,13881.12,8569.28,72279744,105,2.06E+13,41633676000,0,7302.85,2.113561,0
2718,85,2277912000,15043.52,6629.95,192167313,152,2.20E+13,1.65E+11,0,7911.86,8.394708,0
2721,85,2099873000,14467.47,6022.55,155096542,146,2.04E+13,87115211400,0,7620.55,4.46527,0
2727,85,9168595000,58681.52,24879.96,294464930,189,8.28E+13,2.28E+11,0,30884.69,11.639471,0
2790,85,449182900,5202.45,1239.17,34329047,57,5.91E+12,0,0,3471.43,0,0
2850,85,14836873000,167495.23,69298.91,472280485,537,1.45E+14,87742859400,0,88188.8,8.823374,0
2864,85,2621103100,71086.94,13430.62,204926497,289,2.90E+13,20844205200,0,37406.08,2.250496,0
2872,85,7298746000,248057.51,42579.78,364694394,382,6.96E+13,2.62E+11,0,130507.99,28.620893,0
2876,85,7924170000,216344.82,49594.25,294362526,338,7.73E+13,22848000000,0,113902.2,1.786108,0
3098,85,1429998000,2982.3,7982.46,219015122,228,1.69E+13,1.59E+11,0,11197.39,6.776792,0
3130,85,1177933000,15729.83,4585.44,105604887,106,1.33E+13,1.50E+11,0,8262,19.275083,0
3131,85,3931272000,62536.5,14755.17,184088944,143,4.02E+13,2.48E+11,0,32885.68,31.926681,0
3138,85,1772682000,23643.82,9441.35,138260545,173,2.06E+13,50537718000,0,12446.94,3.311742,0
3140,85,8937865000,128946.69,27129.67,282201379,211,9.03E+13,5.25E+11,0,67797.85,13.485116,0
3149,85,9753995000,104107.58,27595.02,284974344,194,9.28E+13,5.38E+11,0,54902.03,15.092613,0
3178,85,2208604000,30969.02,9987.12,87663557,84,2.27E+13,27921600000,0,16292.11,2.14333,0
3297,85,3133120000,29882.19,13539.95,125659089,89,3.13E+13,2.79E+11,0,15703.81,14.318633,0
3497,85,6330736000,40378.96,17498.61,173176633,256,6.97E+13,0,5.59E+11,26794.92,0,0
3644,85,488829000,2547.1,1834.02,55825554,108,5.75E+12,29400000000,0,1340.13,2.232635,0
3775,85,3610499000,18485.07,14467.68,163309958,174,3.41E+13,43911348600,0,9771.73,1.116318,0
3776,85,1317808000,9220.61,5781.24,132185752,131,1.31E+13,2.07E+11,0,4851.44,5.298787,0
3788,85,2392297000,15589.83,7489.55,176454127,206,2.57E+13,2.16E+11,0,8192.98,8.603087,0
3796,85,1058480000,7272.27,4870.25,86831307,131,1.10E+13,70560000000,0,3823.7,3.572216,0
3936,85,1378300000,8395.31,6435.47,133056759,132,1.34E+13,30786756000,0,4431.48,5.522051,0
3945,85,397881000,3884.13,2225.82,77636453,83,5.09E+12,18950400000,0,2042.22,0.904961,0
3946,85,903630000,9577.73,6144.31,82349215,80,9.83E+12,22503600000,0,5030.26,1.696803,0
3947,85,4642436000,153631.94,31336.7,178702887,247,4.51E+13,18089395800,0,80840.95,0.305127,0
3948,85,8454774000,100404.92,37857.19,334686021,259,8.29E+13,3.51E+11,0,52933.66,4.533738,0
4054,85,1074393000,25019.67,8933.15,50712346,61,1.10E+13,592368000,0,13164.72,0.044653,0
4072,85,1030130000,22416.85,5573.06,113742150,160,1.18E+13,93895200000,0,11780.35,4.822492,0
4158,85,4881023000,29044.78,27750.8,212978401,308,5.55E+13,1.09E+11,0,16599.61,8.394708,0
4162,85,3996256000,18508.38,15854.62,177091090,255,4.06E+13,55860046200,1.27E+11,14383.1,4.228611,0
6002,85,4792413000,21532.24,14551.23,361714701,330,4.69E+13,5.32E+11,0,11313.6,18.356725,0
6004,85,7189766000,35138.15,26896.67,408308525,257,7.21E+13,2.29E+11,0,81953.65,10.916097,0
6016,85,1944859000,8564.31,7328.03,158517044,114,2.01E+13,24080893200,0,32160.7,1.000221,0
6017,85,4303296000,13831.27,9944.55,345844371,243,4.37E+13,1.37E+11,0,35830.32,5.667916,0
6095,85,4675830000,14257.56,20366.97,219900440,264,4.85E+13,21508456200,0,8145.9,1.107387,0
6139,85,7848961000,34019.23,54971.93,213264832,132,8.08E+13,1.62E+11,0,19434.8,4.108049,0
6146,85,13856839000,38152.61,41954.82,431958781,700,1.57E+14,5.37E+11,0,87748.37,68.988423,0
6147,85,13159790000,81727.7,42454.31,320580087,528,1.48E+14,5.41E+11,0,66157.47,69.509372,0
6155,85,5899148000,58019.9,20647.14,248868032,270,5.78E+13,64444800000,0,30425.16,8.335171,0
6178,85,4002559000,11757.59,12845.33,132003558,121,3.76E+13,44368800000,0,6163.92,1.131202,0
6193,85,6895029000,20399.48,29166.31,193287532,165,6.94E+13,0,2.81E+11,11656.8,0,0
6248,85,3007481000,11548.75,21047.17,203859974,123,3.20E+13,97338192000,0,6502.84,7.590959,0
6264,85,7073740000,30198.94,20395.39,318240693,247,6.64E+13,2.46E+11,0,15880.8,12.681367,0
8042,85,11472489000,72843.03,45766.97,272082853,182,1.04E+14,1.69E+11,0,38365.39,8.662624,0
8102,85,12241363000,355523.62,60190.18,486415851,365,1.24E+14,1.93E+11,0,187084.26,15.400717,0
8226,85,3205023000,40985.83,9905.16,169815462,161,3.24E+13,1.51E+11,0,21629.96,3.563286,0
,,,,,,,,,,,,
3,86,9293690000,53625.56,28224.71 3,50475117.71,455,9.00E+13,47417302800,6.86E+11,28298.37,3.535006,0
8,86,7094660000,70894.71,23788.94 3,31892954.6,541,7.49E+13,1.27E+11,0,37291.27,6.444873,0
470,86,3442728000,12151.81,15985.79 1,68000210.49,110,3.56E+13,84801297000,15830100000,6925.96,8.970728,0
602,86,3527121000,18768.65,10833.53,225440242.6,120,3.57E+13,1.84E+11,0,9838.5,6.605623,0
641,86,3606155000,85072.3,16284.71 2,62380421.25,226,3.80E+13,30458400000,9.26E+11,44743.29,10.939912,0
708,86,4987171000,67550.2,22809.24 1,82100681.93,306,5.20E+13,71870400000,0,35597.2,3.506725,0
709,86,9816280000,104110.39,47094.19 2,98978496.78,476,1.06E+14,49320600000,0,54825.73,6.325799,0
728,86,6357822000,127545.64,21583.77 2,87177202.33,439,6.68E+13,89905200000,0,67058.67,4.584344,0
856,86,3451566000,22269,14394.58 1,86006632.34,153,3.40E+13,37670829000,0,11691.05,2.356174,0
861,86,3752825000,136397.12,31885.77,219609504.5,290,4.05E+13,32017330800,0,71723.24,1.0672,0
862,86,729880500,18221.24,3783.80 8,8092714.345,102,7.90E+12,10451322000,0,9591.26,0.398897,0
863,86,1023992500,23714.63,3661.96 6,8170325.376,93,1.08E+13,13701139200,0,12471.42,0.552205,0
864,86,1307216900,30111.24,4476.78 1,32947281.2,147,1.31E+13,1.70E+11,0,15862.7,7.863341,0
876,86,4976267000,171637.09,44489.74 2,65919434.51,333,5.54E+13,0,75589700000,90308.34,0,0
879,86,5183356000,27256.28,26493.28 5,69143889.45,417,5.90E+13,0,1.13E+11,15575,0,0
887,86,5261067000,88927.97,17769.16 3,64402140.81,363,5.51E+13,36429334200,0,46828.76,2.156725,0
889,86,10312760300,260287.25,64590.32 3,46279728.66,266,1.04E+14,1.03E+11,0,136933.95,5.23925,0
983,86,9733628000,264459.55,65205.05 3,42326565.04,389,9.50E+13,13708800000,0,139170.77,1.071665,0
988,86,3685694000,62700.34,21311.19 3,29595307.91,325,3.53E+13,2.02E+11,0,33037.78,16.828115,0
991,86,594135000,14865.37,2231.17 1,11942125.59,95,6.69E+12,54877200000,0,7818.56,4.197354,0
994,86,8450035000,103936.9,26941.90 5,46807091.09,324,8.90E+13,1.65E+11,0,99008.01,12.636714,0
1004,86,58946500,1693.16,398.40 6,5574795.516,73,7.86E+11,14960400000,0,890.18,1.16097,0
1008,86,1441707600,40460.63,7479.15 1,43860537.5,163,1.57E+13,1.41E+11,0,21291.93,10.939912,0
1012,86,1409182330,39973.33,7391.77 1,87561.853,75,1.44E+13,1742580000,13104000000,21026.9,0.089305,0
1047,86,1221574548,7527.87,8844.38 9,4328097.601,55,1.40E+13,39984000000,0,4165.39,5.060639,0
1250,86,1251918000,4307.06,5258.10 1,15578927.62,135,1.50E+13,0,3.78E+11,4857.78,0,0
1355,86,3081035000,61285.93,11775.98 1,28528747.5,138,3.40E+13,45864000000,0,32199.12,4.643881,0
1356,86,6936212000,77169.43,24831.48,393695398.5,233,7.30E+13,1.76E+11,0,40606.34,8.990077,0
1357,86,923301000,19194.28,4998.05 7,2527937.456,106,1.07E+13,8719200000,0,10127.76,0.446527,0
1364,86,6795405000,20114.53,27209.62 3,35274247.12,521,7.03E+13,1.84E+11,1.83E+11,102481.32,10.249283,0
1570,86,389508000,3420.21,1428.91 5,9263590.405,64,4.24E+12,22503600000,0,1800,1.696803,0
1606,86,1078095000,10402.27,4336.61 3,8088797.683,68,1.04E+13,0,0,5477.99,0,0
1695,86,2029514000,13259.21,6335.34 1,50498959.32,192,2.05E+13,44368800000,0,6959.08,5.656009,0
1745,86,3155324000,19903.45,10105.73 3,57531591.77,315,3.44E+13,1.91E+11,0,10492.56,13.48065,0
1943,86,243964800,2692.26,1256.16 4,3909965.445,38,3.06E+12,1764000000,0,1795.78,0.178611,0
2080,86,1703623000,73983.19,7123.04 1,6572404.355,160,1.85E+13,64639260000,0,41298.5,4.911797,0
2103,86,11133609000,239124.95,37357.01 5,35756062.06,486,1.12E+14,3.03E+11,0,125911.65,39.145535,0
2107,86,3939674000,92361.79,30195.62 2,6068597.666,265,4.15E+13,25893000000,0,48589.98,3.348953,0
2526,86,538564200,9434.03,2402.84 8,1246431.689,86,6.31E+12,58035600000,0,4961.17,1.958765,0
2527,86,678045499,11458.61,3421.49 8,401748.1168,95,7.42E+12,68722500000,0,6021.33,8.856119,0
2535,86,1390678700,19457.47,4181.52 9,117440.8079,83,1.32E+13,20210118600,0,10229.61,2.604741,0
2549,86,3224730000,39492.83,14342.60 3,61572602.1,306,3.37E+13,0,0,20804.18,0,0
2554,86,2957508000,41200.55,8831.25 2,3747377.223,214,3.01E+13,0,0,21686.04,0,0
2642,86,936994000,16700.41,2861.23 9,739289.7477,133,9.94E+12,51584400000,0,8780.4,5.431257,0
2706,86,2444484000,15834.5,10144.63,72314618.92,105,2.46E+13,43286367600,0,8297.1,2.202867,0
2718,86,2284077000,16339.09,6694.09 1,92901529.28,156,2.23E+13,1.26E+11,0,8578.79,6.400221,0
2721,86,2327086000,17223.76,6886.38 1,54979685.19,145,2.31E+13,59173245600,0,9083.25,3.036384,0
2727,86,9552389000,60945.01,25860.45 2,95699700.65,196,8.63E+13,2.13E+11,0,32099.22,10.895259,0
2790,86,281202100,2955.75,787.64 3,4352270.605,52,3.76E+12,0,0,1969.1,0,0
2850,86,14909797000,173494.72,69339.41,474723247.9,540,1.46E+14,85450293600,0,91392.05,8.348567,0
2864,86,2384956500,62652.51,12423.97 2,5698523.118,282,2.71E+13,19063228800,0,32951.7,2.079327,0
2872,86,7924856000,275311.78,44981.03 3,65581239.57,377,7.59E+13,2.47E+11,0,144880.15,26.522216,0
2876,86,7381259000,208739.05,47011.7,294694332,338,7.31E+13,19992000000,0,109864.6,1.562845,0
3098,86,1710661000,3847.15,9442.84 2,19612986.58,231,2.02E+13,1.30E+11,0,14463.23,9.473815,0
3130,86,1225454000,15879.55,4571.18 1,6513028.835,105,1.37E+13,1.90E+11,0,8344.24,24.484564,0
3131,86,3805002000,58448.27,14108.64 1,91374696.67,144,3.86E+13,2.80E+11,0,30716.4,36.243109,0
3138,86,1860936000,25351.09,9950.28 1,38748074.59,176,2.20E+13,33959028600,0,13355.97,1.951323,0
3140,86,8848237000,123515.56,26588.63 2,85131243.49,211,8.79E+13,3.25E+11,0,64995.39,11.627563,0
3149,86,9324038000,105086.67,26656.20 2,87896268.11,190,8.92E+13,4.40E+11,0,55365.96,16.27591,0
3178,86,2445425000,34385.39,11136.86 8,7758123.182,85,2.53E+13,18032700000,0,18069.2,1.384234,0
3297,86,2795964000,27156.89,11795.66,126553557.5,90,2.75E+13,2.33E+11,0,14258.82,11.907387,0
3497,86,7637181000,62431.12,21033.48 1,73176927.23,256,8.22E+13,0,7.83E+11,41626.24,0,0
3644,86,1016795000,5211.17,3690.97 5,6165631.001,106,1.16E+13,19992000000,0,2737.22,1.518192,0
3775,86,2628321000,14449.18,10720.28 1,63885118.28,179,2.51E+13,34714386000,0,7599.54,0.87817,0
3776,86,990150000,11170.82,6527.74 1,32516855.33,131,1.59E+13,1.36E+11,0,5879.35,3.453142,0
3788,86,2004791000,13527.86,6226.01 1,78684907.81,211,2.13E+13,1.59E+11,0,7119.59,4.063396,0
3796,86,1309382000,8529.33,5950.12,87322388.24,140,1.35E+13,41160000000,0,4486.98,2.083793,0
3936,86,1580809000,8864.41,7193.98 1,32571811.23,137,1.52E+13,37694592600,0,4641.27,6.376406,0
3945,86,354501000,3099.77,1968.70 7,7937234.755,79,4.42E+12,9475200000,0,1635.86,0.714443,0
3946,86,740826000,7924.07,4694.47 8,2662438.242,79,7.96E+12,21911400000,0,4169.47,1.65215,0
3947,86,4580917000,146083.95,30559.50 1,78827745.62,245,4.42E+13,17494327200,0,76919,0.168192,0
3948,86,7407524000,81852.54,33772.37 3,35208043.6,254,7.32E+13,3.32E+11,0,43100.29,3.826736,0
4054,86,994893000,18902.71,8070.25 5,996829.0907,60,1.02E+13,1176000000,0,9948.81,0.089305,0
4072,86,1182113000,24576.73,6448.19 1,17237888.67,164,1.34E+13,1.26E+11,0,12911.94,6.489526,0
4158,86,4097987000,23976.91,23488.82 2,13803751.83,279,4.66E+13,49068579000,0,13661.84,3.79548,0
4162,86,2861524000,13350.01,11694.56 1,79883810.75,230,2.98E+13,74675949600,1.44E+11,10062.33,5.685777,0
6002,86,4440395000,19490.59,13596.12 3,64794088.66,332,4.39E+13,6.26E+11,0,10212.64,29.835447,0
6004,86,6820354000,31639.68,26333.64 4,9062755.816,257,6.89E+13,3.01E+11,0,74908.8,22.683572,0
6016,86,1598528000,7118.56,6030.94 1,58842193.33,125,1.66E+13,42820159200,0,26775.18,1.65215,0
6017,86,2963483000,8154.8,7170.20 3,46308373,242,3.18E+13,1.42E+11,0,25776.39,5.678335,0
6095,86,4447882000,17035.61,19412.42 2,24461087.21,266,4.62E+13,97078669800,0,9748,7.457001,0
6139,86,7212789000,31129.29,48136.40 2,12807103.02,131,7.44E+13,1.56E+11,0,17783.6,3.944322,0
6146,86,15314013000,43277.52,45866.98 4,31958953,700,1.72E+14,4.28E+11,0,99405.46,54.922822,0
6147,86,13270109000,74120.89,43272.57 3,20579871.08,528,1.48E+14,3.70E+11,0,67365.48,47.480706,0
6155,86,5673741000,56669.87,19584.71 2,49033865.4,263,5.57E+13,85159200000,0,29757.42,11.014333,0
6178,86,4452831000,12550.92,15055.47 1,33183913.57,121,4.32E+13,34444200000,0,6623.1,3.512679,0
6193,86,6361846000,24009.24,26709.34 1,93443563.3,155,6.32E+13,0,3.90E+11,13738.61,0,0
6248,86,3567352000,13354.38,24696.10 2,3941933.085,117,3.80E+13,75671757000,0,7631.3,6.629438,0
6264,86,8989569000,42274.79,25604.26 3,18492092.44,248,8.34E+13,1.68E+11,0,22270.13,11.654355,0
8042,86,14200705000,91654.06,55941.96 2,73195441.63,183,1.28E+14,93141846000,0,48306.55,4.762955,0
8102,86,13337961000,378825.45,64714.41 4,87205763.04,363,1.33E+14,1.54E+11,0,199123.74,13.211246,0
8226,86,2745102000,31543.24,8239.86 1,74560685.68,157,2.71E+13,2853228000,1.65E+11,16561.68,0.074421,0
,,,,,,,,,,,,
3,87,8753773000,54438.45,26716.02 3,55113815.03,459,8.49E+13,99518819400,8.17E+11,28701.02,6.842282,0
8,87,7008390000,64379.53,22128.42 3,37121307.09,538,6.94E+13,1.73E+11,0,33865.36,8.871003,0
470,87,3144349000,10143.26,14633.28 1,68173618.73,109,3.28E+13,57767740800,10198000000,5794.5,1.473539,0
602,87,3644755000,20755.94,11272.88 2,25941366.23,124,3.67E+13,2.43E+11,0,10965.75,9.930761,0
641,87,5317230000,129016.6,24130.20 2,64139425.08,237,5.59E+13,45456600000,8.26E+11,67883.1,5.291345,0
708,87,4958818000,70770.98,22314.79 1,84153938.63,314,5.15E+13,53113187400,0,37225.18,2.708931,0
709,87,9872438000,96458.89,42580.40 3,519876.088,503,9.58E+13,68972400000,0,50765.33,8.856119,0
728,87,7062849000,115867.6,22532.56 2,87467240.65,468,7.15E+13,81732000000,0,60954.94,4.167585,0
856,87,3316843000,22285.68,14022.33 1,86222045.88,152,3.29E+13,32580021600,0,11734.67,1.875413,0
861,87,2960853000,109730.14,25226.40 2,19689955.67,290,3.21E+13,67170314400,0,57748.65,3.631753,0
862,87,364343500,9889.24,1819.16 8,8502488.781,101,3.85E+12,20826754200,0,5207.94,1.280044,0
863,87,570013400,13837.12,2096.27 6,8407919.361,92,6.19E+12,25663923600,0,7271.81,1.107387,0
864,87,1274117500,28956.47,4297.24,133731115.8,147,1.26E+13,2.45E+11,0,15227.66,25.775028,0
876,87,3017451000,106755.12,27405.01 2,70377329.25,324,3.44E+13,0,36226800000,56223.22,0,0
879,87,5370546000,24532.94,26507.61 5,68167949.6,401,5.94E+13,0,1.24E+11,14035.8,0,0
887,87,4240759000,71632.71,14516.18 3,64316426.52,332,4.52E+13,42211768200,0,37704.24,2.933682,0
889,87,9819826400,247719.32,62417.93 3,47039503.09,267,9.89E+13,1.15E+11,0,130291.19,5.804851,0
983,87,10027206000,266830.81,66171.65,342135211.7,393,9.76E+13,6854400000,0,140453.39,0.535832,0
988,87,2969899000,49498.23,16876.30 3,32026134.98,332,2.87E+13,2.11E+11,0,26003.1,23.982966,0
991,87,596977000,13789.66,2232.26 1,12431223.34,96,6.69E+12,57796200000,0,7252.94,4.420617,0
994,87,9170839000,84701.89,29029.12 5,48416489.58,327,9.59E+13,1.57E+11,0,91402.3,12.011577,0
1004,87,176746150,4532.68,1119.41 6,5722915.816,69,2.18E+12,20714400000,0,2384.01,1.607497,0
1008,87,1990639850,49756.29,10233.18 1,45787229.23,164,2.15E+13,1.74E+11,0,26181.56,13.529768,0
1012,87,1387121420,38574.99,7306.81 1,3454103.207,71,1.45E+13,4057200000,17723200000,20302.24,0.208379,0
1047,87,1059758000,5594.51,7709.98 9,4338999.857,53,1.21E+13,28224000000,0,3087.32,3.572216,0
1250,87,1300658000,5628.83,5189.64 1,17404491.53,135,1.51E+13,0,5.24E+11,6191.47,0,0
1355,87,3537584000,69339.9,12716.54,129553651.7,142,3.75E+13,51744000000,0,36470.11,5.23925,0
1356,87,8293951000,90410.77,29652.29 3,94290417.64,232,8.54E+13,1.62E+11,0,47514.84,16.432194,0
1357,87,1045012000,24191.69,5445.05 7,2801500.675,107,1.22E+13,13524000000,0,12793.55,1.36935,0
1364,87,6879721000,20286.18,27616.50 3,44903365.9,567,7.09E+13,1.92E+11,1.25E+11,102898.03,11.681147,0
1570,87,538743000,4414.19,1845.87 5,9801792.652,65,5.75E+12,27833400000,0,2305.94,8.674531,0
1606,87,1134652000,10951.46,4550.76 3,8462580.455,68,1.10E+13,5216013600,0,5749.04,0.308104,0
1695,87,2202227000,14133.68,6758.43 1,50545575.86,185,2.18E+13,54293400000,0,7421.22,6.921169,0
1745,87,3977766000,22514.11,11365.06,358829712.1,327,3.91E+13,89756612400,0,11811.54,5.934344,0
1943,87,45399500,704.23,243.91 4,3917484.242,37,6.84E+11,4116000000,0,470.11,0.520948,0
2080,87,1950430000,51380.96,8214.01 1,9130299.092,155,2.12E+13,17439786000,0,29333.5,1.339581,0
2103,87,12378163000,264590.55,41011.49 5,36196287.63,483,1.24E+14,2.65E+11,0,139229.38,34.308159,0
2107,87,3656467000,83216.93,28620.32,206883635.3,262,3.90E+13,31071600000,0,43803.88,4.018743,0
2526,87,794220388,12468.47,2984.76 8,2002985.996,83,8.49E+12,73080025200,0,6543.06,17.414553,0
2527,87,732301100,11612.32,3061.88 8,472909.1654,90,8.21E+12,1.16E+11,0,6092.91,14.958655,0
2535,87,2155297000,28205.36,6246.41 9,1208452.044,82,2.03E+13,13293525000,0,14864.44,1.711687,0
2549,87,3880109000,46855.14,16443.35 3,70746759.4,303,3.95E+13,0,0,24673.77,0,0
2554,87,3304890000,51143.44,9979.50 2,7548500.818,210,3.42E+13,0,0,26909.32,0,0
2642,87,1167207000,19863.8,3518.39,91893222.33,132,1.24E+13,35935200000,0,10449.3,3.783572,0
2706,87,2246022000,18029.76,9422.14,72645270.26,101,2.25E+13,58432819200,0,9463.13,2.976847,0
2718,87,1795127000,12258.25,5295.97 1,94456701.69,155,1.77E+13,1.68E+11,0,6431.63,8.54355,0
2721,87,2447075000,18146.98,7176.13 1,55449416.99,142,2.42E+13,44738240400,0,9563,2.292172,0
2727,87,8666656000,55321.25,23699.86 2,96862535.9,200,7.91E+13,2.41E+11,0,29143.55,12.324146,0
2790,87,261839200,3508.8,737.38,38107909.7,51,3.55E+12,0,3748500000,2343.15,0,0
2850,87,14598628000,172733.68,68829.22 4,78236781.68,555,1.44E+14,1.00E+11,0,90872.08,8.536108,0
2864,87,2467925900,61334.91,12746.07,207693635.9,279,2.78E+13,16724286600,0,32251.12,1.617916,0
2872,87,8626874000,314287.19,49876.4,367360562.9,370,8.24E+13,2.21E+11,0,165451.67,15.632911,0
2876,87,7520957000,205645.66,47414.70 2,94657489.94,338,7.32E+13,19992000000,0,108285.06,1.562845,0
3098,87,1477663000,3316.1,7803.83 2,21556806.8,230,1.70E+13,1.01E+11,0,12455.51,9.173153,0
3130,87,1198173000,16075.25,4611.46 1,7868085.015,104,1.35E+13,2.33E+11,0,8433.76,30.066152,0
3131,87,3694687000,57187.8,13824.40 1,93686681.69,139,3.77E+13,2.66E+11,0,30084.06,34.457001,0
3138,87,1900180000,24999.8,9850.42,139539085.8,168,2.17E+13,36830014200,0,13181.14,2.405292,0
3140,87,9254329000,126356.06,27465.26,287664576.8,216,9.11E+13,3.15E+11,0,66416.46,8.05237,0
3149,87,9940743000,103478.28,28191.40 2,93240837.4,194,9.47E+13,3.51E+11,0,54454.6,10.414498,0
3178,87,2295196000,32402.4,10453.36,88484340.41,83,2.36E+13,13370670600,0,17062.31,1.027012,0
3297,87,3824884000,37079.51,16263.82 1,31895703.05,92,3.78E+13,2.43E+11,0,19509.68,8.525689,0
3497,87,6678077000,60300.51,18682.37 1,78007345.48,256,7.04E+13,0,1.27E+12,40297.28,0,0
3644,87,817154000,3479.07,2944.41 5,6868627.255,104,9.19E+12,16581600000,0,1817.04,2.083793,0
3775,87,3216096000,16942.42,12819.13 1,64760214.06,180,2.98E+13,35330496600,0,8883.9,2.046582,0
3776,87,577684000,6581.31,4049.29 1,32840610.12,132,9.63E+12,1.27E+11,0,3446.56,3.229879,0
3788,87,1977266000,12047.74,6160.6,184199467.2,213,2.12E+13,1.40E+11,0,6340.1,7.144432,0
3796,87,1446463000,8178.42,6415.13 9,2009361.417,141,1.49E+13,50568000000,0,4283.68,2.560088,0
3936,87,1483797000,8659.29,6625.82 1,35931361.79,146,1.42E+13,31467819600,0,4548.56,5.62624,0
3945,87,510693000,4504.76,2843.40 7,8031616.778,79,6.31E+12,11844000000,0,2377.28,0.684675,0
3946,87,995971000,10505.9,6676.41 8,5083037.493,69,1.06E+13,18950400000,0,5510.76,1.428886,0
3947,87,4536204000,149876.56,30470.40 1,79131865.47,243,4.40E+13,17552698800,0,78886.22,0.275358,0
3948,87,5750396000,66719.13,26608.47 3,35113287.05,253,5.77E+13,3.13E+11,0,35155.16,5.566703,0
4054,87,900933000,10397.07,7080.50 5,1273896.76,61,9.23E+12,4146576000,0,5466.44,0.291731,0
4072,87,1173509000,31038.1,6754.36 1,18231873.64,164,1.35E+13,84621600000,60193700000,16342.43,4.346196,0
4158,87,3878468000,21191.6,21976.08 2,19097759.32,263,4.38E+13,98094267600,0,12152.9,7.590959,0
4162,87,4030948000,13194.27,15617.92 1,81147106.63,215,4.03E+13,42046200000,89300000000,11394.48,5.283903,0
6002,87,5259282000,20361.37,15338.89 3,67411330.04,365,5.05E+13,4.11E+11,3.29E+11,10611.75,20.520893,0
6004,87,7689740000,37830.13,29661.79 4,12503205.25,247,7.65E+13,2.77E+11,0,89286.76,15.987155,0
6016,87,2004101000,9023.68,7512.00 1,59050464.01,124,2.06E+13,36028944000,0,33940.44,2.307056,0
6017,87,4363426000,13846.98,10435.73 3,46897846.69,241,4.60E+13,1.25E+11,0,38618.44,5.432745,0
6095,87,4773020000,18737.49,20696.42 2,24601391.4,260,5.09E+13,27902721000,0,10760.88,2.472271,0
6139,87,7520394000,32193.33,50426.86 2,18450829.26,133,7.73E+13,1.70E+11,0,18393.2,2.580926,0
6146,87,14168303000,42702.4,42592.12 4,52460854.15,687,1.60E+14,4.07E+11,0,98298.16,52.318082,0
6147,87,11763245000,71621.34,38964.07 3,27108388.19,524,1.32E+14,4.32E+11,0,63128.79,55.518192,0
6155,87,5523395000,57405,19179.49 2,49095519.53,254,5.41E+13,56964600000,0,30209.16,7.367696,0
6178,87,4224102000,13203.53,14320.18 1,33215472.51,120,4.11E+13,33072480000,0,6872.04,3.79548,0
6193,87,6835370000,26310.3,28215.20 1,94157251.52,149,6.70E+13,0,2.95E+11,15034.4,0,0
6248,87,2656066000,11693.93,19794.32 2,4050921.849,114,3.08E+13,1.00E+11,0,6655.19,2.545204,0
6264,87,7384308000,35895.44,21039.59 3,18641156.11,252,6.89E+13,2.29E+11,0,18841.14,17.68247,0
8042,87,9484824000,60534.28,37842.99,275525709.8,182,8.61E+13,2.74E+11,0,31777.97,14.110254,0
8102,87,12582770000,367330.43,61643.54 4,88943357.03,367,1.26E+14,1.33E+11,0,193312.28,13.287155,0
8226,87,3429586000,39608.97,10423.26,175622483.4,163,3.40E+13,20891152800,2.11E+11,20808,1.768247,0
,,,,,,,,,,,,
3,88,7756970000,49608.13,23653.60 3,60950597.7,454,7.49E+13,49196536200,6.84E+11,26216.48,3.692778,0
8,88,6752982000,68955,21101.87 3,38411015.04,546,6.66E+13,1.59E+11,0,36264.55,8.216097,0
470,88,3738748000,12990.84,17326.98 1,68764910.8,111,3.90E+13,73568388600,0,7393.72,4.953473,0
602,88,3976690000,20999.69,12158.42 2,28438443.42,124,3.94E+13,1.80E+11,0,11043.2,8.738534,0
641,88,5092423000,121406.2,23194.74 2,65335569.49,239,5.36E+13,42004200000,6.93E+11,63937.3,5.432745,0
708,88,5186062000,71844.55,23113.14 1,84612828.89,318,5.36E+13,50206800000,0,37859.28,2.560088,0
709,88,10054778000,95864.03,43807.88 3,2495275.727,504,9.83E+13,42310800000,0,50373.71,5.432745,0
728,88,5411953000,91884.07,17501.32 2,88040086.85,476,5.54E+13,98209645800,0,48318.4,5.465491,0
856,88,3289077000,23319.93,14061.88 1,86786402.02,160,3.29E+13,44848419000,0,12268.8,3.293881,0
861,88,3137054000,113050.28,26239.7,220075470.1,285,3.36E+13,72705150000,0,59484.93,3.320673,0
862,88,421959900,12482.79,2203.11 8,8827410.797,97,4.67E+12,23247231000,0,6565.71,1.190739,0
863,88,511910100,12012.87,1810.83 6,9486957.38,94,5.44E+12,46160755200,0,6325.71,1.446748,0
864,88,1373146000,32580.21,4799.72 1,33755148.68,146,1.41E+13,3.29E+11,0,17113.88,42.101544,0
876,88,4482961000,155048.37,39698.30 2,74651931.19,314,4.97E+13,0,54932000000,81644.96,0,0
879,88,3943263000,19351.14,20391.14 5,69199113.88,384,4.58E+13,0,1.19E+11,11065.96,0,0
887,88,4768062000,81382.37,15704.50 3,64434953.49,347,4.89E+13,29221000200,0,42806.54,1.979603,0
889,88,9623680800,241505.56,60461.71 3,47441215.56,266,9.71E+13,89376000000,0,127088.09,4.524807,0
983,88,9720055000,264064.63,64614.5,342242187.1,385,9.60E+13,13708800000,0,139019.7,1.071665,0
988,88,3974945000,60009.39,23194.25 3,34792241.44,334,3.89E+13,2.07E+11,0,31581.34,18.2957,0
991,88,689213000,14526.21,2601.94 1,14763740.05,96,7.83E+12,1.37E+11,0,7628.36,7.055127,0
994,88,9579248000,73025.83,28287.14 5,49382272.08,329,9.83E+13,97494600000,0,93852.47,7.457001,0
1004,88,145145144,4453.29,1114.82 6,5849832.881,67,2.16E+12,43730400000,0,2339.11,3.393605,0
1008,88,1886225900,43273.66,9776.48 1,47007320.48,160,2.02E+13,1.22E+11,0,22756.48,12.62183,0
1012,88,2242396100,61492.27,12091.36,103671577.3,83,2.43E+13,7534800000,20220600000,32346.17,0.38699,0
1047,88,1182098600,6381.97,8882.58 9,4440539.379,55,1.39E+13,31164000000,0,3553.56,3.944322,0
1250,88,1987676000,7439.84,7605.24 1,17742802.05,135,2.22E+13,0,3.70E+11,8280.36,0,0
1355,88,3371850000,62069.66,12116.19 1,30240779.15,153,3.54E+13,60564000000,0,32686.69,6.132304,0
1356,88,9713922000,89563.17,34306.69 3,93036867.46,233,9.77E+13,1.95E+11,0,47130.8,19.766262,0
1357,88,1017665000,21733.35,5369.10 7,3083523.779,108,1.18E+13,12936000000,0,11499.24,1.309813,0
1364,88,7003970000,15804.61,28021.76 3,47244946.77,500,7.25E+13,2.26E+11,97067500000,103902.59,31.435502,0
1570,88,577322000,4605.51,1919.22 5,9859867.038,66,6.25E+12,36716400000,0,2412,2.768467,0
1606,88,1144463000,10328.78,4563.81 3,8435351.683,68,1.11E+13,11596620000,0,5433.88,0.714443,0
1695,88,2081483000,13787.68,6330.75 1,50942324.58,174,2.08E+13,60715200000,0,7224.69,11.919294,0
1745,88,3472463000,20681.73,10157.29 3,60337751.68,383,3.47E+13,1.98E+11,0,10849.1,13.05645,0
1943,88,124811300,984.54,843.46 4,3924463.553,37,1.60E+12,9996000000,0,568.87,1.26516,0
2080,88,2033715000,7421.5,10479.98 1,9187219.693,162,2.33E+13,37277721600,0,4190.7,2.857773,0
2103,88,11462030000,248617.82,38167.16 5,36673764.9,467,1.15E+14,3.13E+11,0,130808.1,40.485116,0
2107,88,4160795000,69751.18,35152.47 2,7100427.126,258,4.32E+13,28770000000,0,36756,3.721058,0
2526,88,864055200,13463.54,3351.71 8,2078705.996,83,9.36E+12,86885400000,0,7069.29,3.146527,0
2527,88,1060196900,17231.73,3866.79 8,1118902.85,92,1.11E+13,60417000000,0,9079.75,2.187982,0
2535,88,2061936200,28030.27,6005.56 9,1468729.939,81,1.94E+13,20714400000,0,14729.2,0.750165,0
2549,88,4383073000,44823.18,19540.65 3,75085384.31,297,4.54E+13,0,0,23574.37,0,0
2554,88,3511270000,54022.68,10351.50 2,15668496.96,205,3.53E+13,0,0,28398.61,0,0
2642,88,1186626000,18232.55,3636.15 9,2865952.507,134,1.27E+13,70711200000,0,9566.86,13.619074,0
2706,88,2090494000,15641.02,8646.53 7,3024063.042,96,2.07E+13,44465794800,0,8239.56,2.262404,0
2718,88,1954904000,14576.19,5825.99 1,94881950.43,155,1.95E+13,1.30E+11,0,7675.47,6.638368,0
2721,88,1606025000,12390.35,4742.89 1,55672514.83,142,1.60E+13,59431352400,0,6506.51,3.036384,0
2727,88,6784931000,45333.9,18490.85 2,98099871.28,196,6.24E+13,2.20E+11,0,23850.79,10.975634,0
2790,88,390369800,2606.37,782.71 3,8146163.638,51,5.16E+12,0,1065000000,3286.42,0,0
2850,88,15325964000,190151.99,72138.65 4,84342351.62,548,1.52E+14,70241833200,0,100179.72,6.075744,0
2864,88,2272679800,61944.03,12443.10 2,9563580.374,270,2.66E+13,24191680800,0,32630.13,2.360639,0
2872,88,8240695000,302575.27,47860.38 3,71501957.04,342,7.96E+13,1.87E+11,0,159168.95,11.910364,0
2876,88,7636895000,216318.94,47410.55 2,94685578.71,337,7.35E+13,25704000000,0,113842.71,2.009372,0
3098,88,1820516000,4283.32,9581.83 2,22158242.59,230,2.07E+13,1.22E+11,0,16099.25,6.303473,0
3130,88,1080377000,15228.2,4434.29 1,8901168.523,95,1.24E+13,2.04E+11,0,7988.84,26.419515,0
3131,88,3652878000,58156.52,13857.00 1,96775080.98,136,3.72E+13,2.83E+11,0,30593.02,36.540794,0
3138,88,1532511000,21149.77,8107.16 1,40100647.22,168,1.80E+13,77263078200,0,11123.52,4.731698,0
3140,88,9326726000,126300.89,27725.15 2,94266209.45,215,9.32E+13,3.53E+11,0,66432.96,9.049614,0
3149,88,10066639000,122217.24,28649.53 2,94644538.45,194,9.55E+13,3.33E+11,0,64300.63,8.498897,0
3178,88,2085533000,31410.1,9414.22 8,9695292.34,83,2.13E+13,17451000000,0,16565.19,1.339581,0
3297,88,3910506000,35217.08,16493.35 1,31430273.81,92,3.86E+13,2.77E+11,0,18495.34,10.414498,0
3497,88,6908363000,54523.76,19594.13 1,79397148.7,245,7.51E+13,0,4.67E+11,36335.13,0,0
3644,88,966736000,4210.56,3524.55 5,7112949.301,102,1.11E+13,12436200000,0,2208.06,2.656836,0
3775,88,3660223000,19386.57,14964.63 1,65334203.96,179,3.49E+13,41117504400,0,10157.69,8.64774,0
3776,88,1056116000,6586.25,4317.84 1,32957650.92,133,1.05E+13,1.38E+11,0,3477.79,3.512679,0
3788,88,2329182000,13936.98,7047.28,187632342.3,203,2.41E+13,1.07E+11,0,7309.29,6.328776,0
3796,88,1080685000,7406.71,4809.93 9,6425305.099,143,1.11E+13,47040000000,0,3888.41,2.381477,0
3936,88,1877395000,11259.76,8200.27 1,36330541.79,145,1.84E+13,22721567400,0,5925.13,0.812679,0
3945,88,515722000,4498.73,2923.71 7,8127538.532,78,6.46E+12,11844000000,0,2370.48,0.893054,0
3946,88,1272721000,14482.26,8171.42 8,5587470.475,68,1.34E+13,26649000000,0,7602.78,2.009372,0
3947,88,4728797000,145194.5,31724.61 1,79623461.26,221,4.59E+13,19707466800,0,76450.48,0.425689,0
3948,88,6845560000,72969.03,31471.69 3,37049850.91,234,6.83E+13,4.29E+11,0,38379.8,5.480375,0
4054,88,1086347000,11372.33,8712.40 5,1688754.408,61,1.09E+13,4738944000,0,5976.99,0.333407,0
4072,88,1453027000,36127.56,8121.50 1,21067906.17,162,1.61E+13,46368000000,2.57E+11,19015.74,2.619625,0
4158,88,5651935000,27841.98,30290.32 2,21022121.93,253,6.28E+13,85886043600,0,15902,6.653252,0
4162,88,4729155000,25882.87,19111.60 1,82611924.27,216,4.87E+13,30794400000,1.82E+11,20694.01,6.578831,0
6002,88,6531350000,26643.24,19040.08 3,68323052.06,408,6.19E+13,2.08E+11,3.88E+11,13949.44,15.254851,0
6004,88,6349422000,33340.29,24256.95 4,15429392.27,247,6.48E+13,3.66E+11,0,77894.02,27.595369,0
6016,88,1895493000,8372.4,7112.58 1,59873272.14,132,1.94E+13,38878156800,0,31487.94,2.935171,0
6017,88,3812557000,32207.45,9486.43 3,48045877.46,238,4.15E+13,1.40E+11,0,37101.43,5.318137,0
6095,88,4631974000,16637.69,19612.62 2,25218918.41,222,4.81E+13,36041182800,0,9412.56,2.768467,0
6139,88,7664430000,30265.22,51122.88 2,18555621.75,132,8.11E+13,1.44E+11,0,17291.88,2.187982,0
6146,88,14981963000,52761.11,44663.25 4,54634136.08,661,1.70E+14,2.98E+11,0,110660.41,38.252481,0
6147,88,11779389000,68659.8,38531.65 3,27437455.46,499,1.33E+14,4.81E+11,0,60097.61,61.76957,0
6155,88,6665440000,66316.52,23155.70 2,49256320.24,246,6.39E+13,70774200000,0,35040.06,9.153804,0
6178,88,4275401000,14362.76,14529.56 1,32446552.29,114,4.18E+13,33568302600,0,7553.52,3.865436,0
6193,88,7119881000,26607.62,30952.14 1,95115569.94,148,7.28E+13,0,3.25E+11,15255.84,0,0
6248,88,3185399000,21216.17,22131.91 1,68972363.47,111,3.43E+13,86554981800,0,12067.8,9.439581,0
6264,88,6624004000,33129.48,19184.13 3,17828002.08,252,6.22E+13,2.20E+11,0,17427.9,7.93925,0
8042,88,12207651000,78030.36,48068.08 2,79700232.21,185,1.10E+14,1.17E+11,0,40991.27,6.01323,0
8102,88,12125976000,348315.73,59590.85 4,87924548.89,333,1.22E+14,2.20E+11,0,183446.24,21.605954,0
8226,88,3359994000,39032.1,10155.69 1,76219864.83,162,3.33E+13,0,3.44E+11,20524.56,0,0
,,,,,,,,,,,,
3,89,9560898000,62100.54,29383.30 3,63531728.08,449,9.21E+13,51843498000,6.26E+11,32706.28,3.149504,0
8,89,5995896000,79133.08,19517.17 3,40486003.72,499,5.91E+13,1.77E+11,0,41602.07,13.561025,0
470,89,3751373000,12330.21,17392.46 1,69007397.27,110,3.89E+13,60296838000,11325800000,6976.34,5.469956,0
602,89,4799570000,24586.34,14170.07 2,28619335.55,124,4.67E+13,1.62E+11,0,12873,12.368798,0
641,89,4776028000,114869.82,21965.89 2,69153300.73,241,5.03E+13,46032000000,4.03E+11,60468.51,5.953693,0
708,89,4890145000,70442.89,22841.10 1,86137441.24,303,5.18E+13,58963800000,0,37104.58,3.006615,0
709,89,10418443000,101544.05,44764.08 3,3791141.001,468,1.01E+14,45788400000,0,53353.94,5.879272,0
728,89,5126324000,89832.46,16912.50 2,88612305.83,445,5.38E+13,1.39E+11,0,47275.5,17.712238,0
856,89,3183443000,22929.28,13734.43 1,88002383.3,161,3.18E+13,48437659200,0,12056.92,2.668743,0
861,89,3667461000,127543.95,30688.14 2,21268219.02,280,3.88E+13,53799727800,0,67162.77,2.238589,0
862,89,350691700,9624.13,1880.18 8,9165087.053,102,3.97E+12,28583095800,0,5058.31,1.452701,0
863,89,375903800,8639.37,1372.78 6,9814341.55,93,4.15E+12,46051836600,0,4546.28,2.207332,0
864,89,1021038400,24227.54,3633.04 1,33878657.79,146,1.09E+13,1.78E+11,0,12722.98,18.98484,0
876,89,3893783000,140995.02,35638.54 2,75875039.96,300,4.41E+13,0,97967600000,74258.07,0,0
879,89,3389653000,15946.04,18705.62,548246651.9,367,4.18E+13,0,1.86E+11,9122.26,0,0
887,89,5972716000,99836.54,20276.45 3,64880917.4,358,6.19E+13,28561054200,0,52583.8,2.29366,0
889,89,8772057100,227230.1,58885.78 3,47780428.84,263,8.94E+13,1.10E+11,0,119528.68,5.566703,0
983,89,9979551000,280215.95,65972.90 3,42378290.57,380,9.79E+13,20563200000,0,147481.63,1.607497,0
988,89,4525032000,70930.14,27026.38 3,36198662.88,338,4.47E+13,2.59E+11,0,37281.5,26.078666,0
991,89,594733000,12950.77,2307.06 1,18043030.6,100,6.79E+12,65706946200,0,6822.52,4.036604,0
994,89,9047050000,95092,28636.37 5,52322922.63,328,9.35E+13,1.14E+11,0,95672.7,4.398291,0
1004,89,124509350,3918.65,929.45,66034577.05,70,1.80E+12,24742200000,0,2059.56,1.920066,0
1008,89,2397921000,52097.29,12816.57 1,48267848.82,160,2.54E+13,1.69E+11,0,27378.53,21.805402,0
1012,89,2031470800,56766.13,11020.26 1,3767589.896,87,2.19E+13,12751200000,18994500000,29910.76,0.654906,0
1047,89,932278140,6254.88,6804.86 9,4579223.975,24,1.10E+13,49392000000,0,3430.82,6.251378,0
1250,89,2143731000,5001.11,8588.70 1,18548874.22,135,2.41E+13,0,3.07E+11,5793.78,0,0
1355,89,3301508000,58456.29,11587.09 1,30474604.74,159,3.48E+13,65856000000,0,30743.96,6.668137,0
1356,89,8050208000,99864.7,29235.85 3,94004927.34,237,8.47E+13,1.69E+11,0,52525.21,17.146637,0
1357,89,1044115000,21577.91,5468.90 7,3124553.196,109,1.18E+13,9408000000,0,11381.08,0.952591,0
1364,89,8199288000,192856.79,29390.90 3,47555300.46,492,7.78E+13,2.49E+11,78720000000,101441.73,12.62183,0
1570,89,577498000,4640.68,1927.02 6,253775.2456,66,6.21E+12,33163200000,0,2429.97,2.500551,0
1606,89,1094798000,9610.74,4450.36 3,8813916.507,67,1.06E+13,9850272600,0,5056.25,0.607277,0
1695,89,2371293000,14479.59,8052.02 1,51262647.99,167,2.41E+13,95743200000,0,7608.48,18.307607,0
1745,89,3239009000,19510.95,9971.87 3,60453058.92,366,3.31E+13,1.10E+11,0,10262.5,7.107222,0
1943,89,383298300,1702.91,2267.06 4,4086733.17,41,4.51E+12,19404000000,0,964.52,2.455899,0
2080,89,1711834800,6793.58,8423.79 1,10652892.88,162,1.89E+13,58113287400,0,3901.16,4.183958,0
2103,89,11457103000,243642.67,37961.15 5,38049240.31,478,1.14E+14,2.73E+11,0,128258.7,35.275634,0
2107,89,4651134000,78528.54,39229.28 2,7745432.743,248,4.76E+13,43730400000,0,41365.02,5.656009,0
2526,89,854100800,14065.85,3355.86 8,2716559.933,86,9.39E+12,80791468800,0,7415.43,2.91731,0
2527,89,1098739500,17740.21,4190.73,89770077.39,88,1.16E+13,46777500000,0,9320.81,1.687872,0
2535,89,2214644950,27741.58,6430.52 9,2691422.066,86,2.09E+13,17459080800,0,14616.37,0.625138,0
2549,89,5133424000,63085.68,23081.00 3,77547541.77,303,5.27E+13,0,0,33156.49,0,0
2554,89,3879084000,58445.84,10996.50 2,16683426.27,208,3.80E+13,0,0,30808.47,0,0
2642,89,1574059000,24344.6,4710.33 9,3338743.797,146,1.65E+13,38253600000,0,12806.54,1.964719,0
2706,89,2385586000,20716.72,9700.54 7,3213679.404,76,2.34E+13,46906280400,0,10888.45,2.381477,0
2718,89,2131198000,15449.14,6502.26 2,14048681.15,158,2.16E+13,1.62E+11,0,8133.17,8.275634,0
2721,89,1873734000,13826.61,5685.48 1,57143431.1,140,1.90E+13,48768048000,0,7272,2.500551,0
2727,89,9393025000,63258.34,25758.41 2,99900195.39,186,8.62E+13,1.60E+11,0,33361.28,8.216097,0
2790,89,471148600,3342.77,911.87 3,8296318.531,51,6.16E+12,0,315000000,4509.42,0,0
2850,89,16116501000,181606.1,75746.81 4,89474619.88,540,1.59E+14,85467585000,0,95517.29,12.702205,0
2864,89,2646918200,74041.45,14254.50 2,12798037.23,273,3.04E+13,20775602400,0,38924.95,1.902205,0
2872,89,8795149000,309588.3,52228.37 3,76762748.19,378,8.46E+13,2.44E+11,0,162854.67,24.207718,0
2876,89,7843229000,230668.06,49789.55 2,94746506.03,336,7.70E+13,22848000000,0,121417.38,1.786108,0
3098,89,2196999900,5236.33,11373.71 2,22732478.1,229,2.50E+13,84193128600,0,19674.54,4.85226,0
3130,89,1289103000,17374.2,5049.67 1,9887530.332,96,1.45E+13,1.83E+11,0,9114.24,23.59151,0
3131,89,3940098000,59579.69,14575.98 1,99723803.93,135,3.92E+13,3.37E+11,0,31273.76,43.610805,0
3138,89,1828656000,26108.24,9417.25 1,41650880.73,168,2.10E+13,64841830200,0,13745.96,3.785061,0
3140,89,9608158000,130181.49,28499.69 3,2758703.254,215,9.41E+13,3.52E+11,0,68421.83,10.788093,0
3149,89,9957695000,125890.13,28343.78 3,701025.221,195,9.37E+13,2.58E+11,0,66267.59,9.210364,0
3178,89,2310944000,33693.66,10309.02 9,1759062.859,82,2.31E+13,23268000000,0,17709.3,1.786108,0
3297,89,3630891000,30092.75,16054.55,132284369.2,93,3.74E+13,1.53E+11,0,15790.58,5.08892,0
3497,89,7074298000,61383.8,20232.83 1,85808324.63,233,7.72E+13,0,1.07E+12,40862.16,0,0
3644,89,1123104000,5694.68,3929.81 5,7756639.854,97,1.26E+13,15397200000,0,2985.66,1.16097,0
3775,89,4084502000,22366.22,16750.23 1,66002122.15,180,3.85E+13,31668050400,0,11723.25,1.875413,0
3776,89,1469248000,8892.52,5853.24 1,33165381.81,133,1.46E+13,1.34E+11,0,4658.33,4.566483,0
3788,89,2654366000,16625.95,8192.68 1,89875344.9,210,2.80E+13,1.87E+11,0,8761.63,8.318798,0
3796,89,1312043000,9953.65,5702.38 9,6643674.116,143,1.31E+13,38220000000,0,5232.81,1.93495,0
3936,89,1449220000,8861.62,6416.47 1,37571092.88,147,1.45E+13,40095459600,0,4664,4.416152,0
3945,89,603740000,5276.8,3408.57 7,8829418.934,83,7.58E+12,21911400000,0,2778.58,1.65215,0
3946,89,1213606000,12931.36,8115.06 8,5667858.75,73,1.29E+13,17173800000,0,6809.65,1.294928,0
3947,89,4764782000,149138.61,31508.76 1,80144192.91,242,4.59E+13,22778263200,0,78548.1,0.184564,0
3948,89,6703817000,65040.62,30782.51 3,39112379.55,256,6.64E+13,5.23E+11,0,34090.46,59.721499,0
4054,89,1172139000,11065.08,9197.10 5,2053120.706,63,1.18E+13,0,0,5813.9,0,0
4072,89,1240988000,25543.42,7040.30 1,25318030.43,164,1.38E+13,15649200000,2.76E+11,13436.88,0.884123,0
4158,89,5441307000,18581.01,37206.77 2,22688353.76,251,6.10E+13,1.10E+11,0,14121.98,8.528666,0
4162,89,4701089000,25965.88,19201.59 1,82715982.14,208,4.90E+13,30794400000,85000000000,22179.68,2.32194,0
6002,89,7986423000,36635.3,25652.89 5,71357285.65,447,8.27E+13,40793167800,1.03E+12,19364.07,4.085722,0
6004,89,7647042000,42235.62,29681.66 4,16113417.06,248,7.82E+13,3.12E+11,0,98921.35,23.531974,0
6016,89,1879138000,8555.93,7065.33 1,61180948.4,131,1.93E+13,34709220000,0,32197.23,1.964719,0
6017,89,4348008000,21755.7,10061.70 3,48990445.97,244,4.36E+13,1.56E+11,0,35880.09,8.841235,0
6095,89,4583435000,19998,19795.34 2,26947818.84,219,4.76E+13,67431890400,0,11456.07,5.179713,0
6139,89,8464093000,31130.95,46604.10 2,18657765.42,131,8.94E+13,1.57E+11,0,17878.64,8.742999,0
6146,89,15271533000,56714.09,45799.64 4,56549917.77,634,1.75E+14,3.43E+11,0,130683.99,44.057332,0
6147,89,12662237000,77620.21,54813.77 3,28353765.48,471,1.44E+14,5.16E+11,0,67845.71,66.23484,0
6155,89,5806994000,58808.66,20455.74 2,49230064.58,241,5.72E+13,54087600000,0,30993.83,6.99559,0
6178,89,3608775000,13088.69,12178.63 1,32807466.68,112,3.50E+13,49191744000,0,6817.02,5.83462,0
6193,89,6921660000,27484.94,29489.18 1,95921046.14,148,6.90E+13,0,4.72E+11,15705.6,0,0
6248,89,2779023000,9445.45,19514.00 2,3225345.259,113,2.96E+13,1.50E+11,0,5318.4,13.648842,0
6264,89,7665399000,39034.31,22591.96 3,17771330.72,251,7.20E+13,1.80E+11,0,20528.2,15.226571,0
8042,89,11553230000,73515.48,46250.36 2,82771957.89,180,1.05E+14,1.49E+11,0,38671.28,7.650496,0
8102,89,13067444000,363919.05,63977.52 4,91928344.64,370,1.30E+14,3.19E+11,0,191700.24,28.312789,0
8226,89,3479388000,41987.5,10527.51 1,76877183.09,163,3.44E+13,0,1.51E+11,22151.6,0,0
,,,,,,,,,,,,
3,90,7353614000,52010.8,22745.49 3,69447298.88,411,7.13E+13,20400193800,7.00E+11,27377.12,1.314278,1
8,90,8092428000,110504.86,26157.41 3,45075671.63,482,7.94E+13,1.50E+11,0,58110.51,16.570617,1
470,90,3728803000,12961.71,17500.60 1,69660643.99,111,3.90E+13,63049795200,12302100000,7358.4,4.748071,1
602,90,3943618000,21511.64,11908.85 2,44568234.57,124,3.92E+13,2.16E+11,0,11277.62,13.562514,1
641,90,3989602000,96003.73,18624.24 2,73045129.93,241,4.25E+13,47182800000,1.04E+12,50559,6.102536,1
708,90,4764035000,61125.3,21314.10 1,87624520.36,287,4.95E+13,68972400000,0,32209.56,8.856119,1
709,90,10202580000,97258.8,43759.34 3,5055104.329,432,9.87E+13,53323200000,0,51226.04,6.846748,1
728,90,6179897000,102078.04,19772.02 2,89170438.26,414,6.35E+13,92824200000,0,53677.98,11.832966,1
856,90,3261786000,23464.66,13928.79 1,88404611.54,167,3.26E+13,57629623800,0,12359.29,3.499283,1
861,90,3248214000,111383.9,27578.84 2,21834249.73,281,3.54E+13,64990275000,0,58607.9,2.944101,1
862,90,340441800,10299.01,1996.33 9,693662.7752,107,4.19E+12,35983155600,0,5422.36,1.927508,1
863,90,555716100,13423.09,2016.02 7,409974.2506,93,6.05E+12,34553904000,0,7067.36,2.054024,1
864,90,851969100,20692.08,3238.29 1,34539919.56,148,9.60E+12,1.87E+11,0,10874.88,20.380981,1
876,90,4766229000,171649.56,43105.61 2,74085681.41,294,5.37E+13,0,67692400000,90349.83,0,1
879,90,3873397000,17935.31,21610.17 5,49215206.17,360,4.83E+13,0,1.68E+11,10203.19,0,1
887,90,7206637000,119070.57,24335.01,366476178.2,358,7.45E+13,40931276400,0,62665.07,3.721058,1
889,90,8215656600,224614.8,55470.58 3,49814127.6,258,8.39E+13,1.22E+11,0,118257.49,6.191841,1
983,90,9534424000,268819.3,64454.50 3,43110710.39,381,9.45E+13,27744393600,0,141432.24,2.14333,1
988,90,5429919000,82244.73,32622.24 3,37560157.19,335,5.27E+13,1.47E+11,0,43327,14.610364,1
991,90,734577000,12496.78,2769.57 1,20387119.12,102,8.25E+12,1.11E+11,0,6574.62,7.39151,1
994,90,9178848000,114416.89,26362.79 5,57328916.68,328,9.49E+13,1.51E+11,0,109191.55,8.900772,1
1004,90,95363020,3366.44,766.51,66757179.2,70,1.46E+12,23016000000,0,1768.13,1.786108,1
1008,90,2049895500,45266.61,11006.42,150505288.3,157,2.19E+13,2.36E+11,0,23768.79,18.35226,1
1012,90,1929996800,49881.69,10446.11 1,9965278.748,86,2.11E+13,10508400000,21320000000,26244.84,1.018082,1
1047,90,1147228300,5341.52,5832.93 9,4672374.759,54,1.28E+13,28224000000,0,2991.86,3.572216,1
1250,90,2111960000,4632.08,8565.31 1,19504240.69,132,2.41E+13,0,3.58E+11,5235.26,0,1
1355,90,3293453000,53690.8,11425.59 1,30985333.77,154,3.47E+13,57624000000,0,28292.75,5.83462,1
1356,90,8739025000,98206.82,28232.32 3,92986827.84,233,8.98E+13,1.57E+11,0,51602.17,15.896362,1
1357,90,790074000,16978.29,4361.60 7,3131737.576,109,9.13E+12,14112000000,0,9015.62,1.428886,1
1364,90,7860938000,205661.95,26859.58 3,50170658.02,400,8.10E+13,1.85E+11,1.08E+11,108282.77,17.512789,1
1570,90,488642000,3847.59,1554.38 6,2304696.025,66,5.18E+12,37900800000,0,2022,2.857773,1
1606,90,1127192000,10690.31,4621.07 3,8877255.468,67,1.09E+13,25049220000,0,5626.66,1.472051,1
1695,90,1785913000,10368.08,6150.21,146530868.6,160,1.78E+13,19849200000,0,5452.5,3.694267,1
1745,90,3026531000,18956.55,9966.02 3,61202350.41,359,3.14E+13,1.81E+11,0,9950.17,12.596527,1
1943,90,278742400,1203.56,1647.71 4,4080670.412,44,3.30E+12,17052000000,0,685.99,2.158214,1
2080,90,2021247200,8593.36,10194.88 1,12074995.28,163,2.27E+13,35606659200,0,4892.04,2.004906,1
2103,90,11557796000,243465.65,38774.78 5,43390799.35,472,1.15E+14,3.14E+11,0,128211.64,40.633958,1
2107,90,4294443000,82452.52,33419.53 2,8846484.436,247,4.46E+13,42579600000,0,43407.5,5.507166,1
2526,90,844560300,13606.01,3249.82 8,3455905.387,83,9.38E+12,29389411800,0,7159.45,1.062734,1
2527,90,967698100,16430.33,3539.69 8,9781894.597,88,1.02E+13,55440000000,0,8634.61,2.000441,1
2535,90,2313690500,32397.33,6653.85 9,3448285.053,87,2.17E+13,6964372800,0,17075.91,0.250055,1
2549,90,4796930000,60874.27,22085.95 3,83335280.08,310,5.01E+13,0,0,32016.55,0,1
2554,90,3881033000,62428.87,10925.25 2,18082324.65,208,3.82E+13,0,0,32855.31,0,1
2642,90,1455583000,23586.4,4329.04,93724035.03,143,1.52E+13,43470000000,0,12421.2,2.232635,1
2706,90,2215385000,18674.35,9186.59 7,3270945.957,76,2.21E+13,56893410000,0,9808.77,2.887541,1
2718,90,2660291000,21140.64,8109.56,228564503.9,160,2.71E+13,2.23E+11,0,11096.25,11.401323,1
2721,90,1986078000,15746.26,6042.23 1,56909428.73,146,2.03E+13,45933396600,0,8292.53,2.351709,1
2727,90,9583152000,66869.04,25980.17 3,1045118.989,184,8.79E+13,1.84E+11,0,35090.19,9.406836,1
2790,90,451317100,2573.6,848.59,38714677.24,51,5.91E+12,0,208000000,3622.54,0,1
2850,90,15337643000,175972.55,71896.57 4,93628364.88,536,1.52E+14,94782706200,0,92645.49,14.7086,1
2864,90,2729962000,72501,14110.55 2,14895266.29,263,3.02E+13,9825253200,0,38151.77,0.952591,1
2872,90,6922038000,234694.5,41274.10 3,80313813.43,383,6.76E+13,2.16E+11,0,123433.3,20.959978,1
2876,90,8188052000,243022.75,52400.80 2,94828569.11,334,8.06E+13,17301312000,0,127853.3,1.830761,1
3098,90,1647952400,3938.31,8256.64 2,24807216.09,226,1.83E+13,50624733600,0,14792.98,3.670452,1
3130,90,1181454000,15612.19,4511.28 1,10843468.64,93,1.31E+13,1.29E+11,0,8212.02,5.270507,1
3131,90,3731544000,55780.7,13842.07 2,2581576.334,133,3.73E+13,3.04E+11,0,29326.96,18.751158,1
3138,90,1547152000,21290.11,8107.75 1,42393052.15,170,1.79E+13,71983375800,0,11200.2,4.060419,1
3140,90,8511783000,124874.79,25298.65 3,7881796.111,216,8.29E+13,3.68E+11,0,65827.1,10.363892,1
3149,90,10797135000,139023.27,30496.01 3,4126384.961,194,1.00E+14,2.38E+11,0,73163.28,7.26946,1
3178,90,2209082000,30927,10053.57 9,2766929.093,82,2.24E+13,20359500000,0,16265.64,1.562845,1
3297,90,4303804000,36224.59,18403.02 1,33580572.26,93,4.24E+13,2.53E+11,0,19049.4,5.502701,1
3497,90,6316901000,55278.06,18468.71 1,89528061.04,230,7.04E+13,0,1.27E+12,37031.13,0,1
3644,90,1261587000,6294.43,4368.36 5,8061003.732,97,1.40E+13,12936000000,0,3297.02,0.982359,1
3775,90,4403565000,24629.7,18009.33 1,66502850.16,180,4.11E+13,27030683400,0,12992.7,1.864994,1
3776,90,1321647000,7863.63,5380.51 1,33507437.5,133,1.29E+13,92664583200,0,4132,2.683627,1
3788,90,2227901000,13334.78,6824.15 1,93072043.03,197,2.34E+13,1.45E+11,0,7016.55,3.77613,1
3796,90,622965000,4067.7,2748.27 9,7815646.612,131,6.30E+12,31164000000,0,2146.56,1.577729,1
3936,90,1256821000,7264.4,5371.22 1,40081596.13,143,1.23E+13,37041547200,0,3813.6,4.096141,1
3945,90,354366000,3285.14,1959.72 7,9198408.869,82,4.36E+12,20134800000,0,1721.82,1.518192,1
3946,90,734427000,8142.97,4791.51 8,6163987.646,73,7.69E+12,18358200000,0,4275.84,1.384234,1
3947,90,4714623000,151389.65,30873.32 1,80573800.38,245,4.52E+13,20575636200,0,79701,0.715932,1
3948,90,5783611000,59315.69,26427.72 3,40963489.62,257,5.73E+13,3.21E+11,0,31215.2,27.014884,1
4054,90,947840000,6294.9,8207.45 5,2517840.111,63,9.88E+12,3910200000,0,3306.7,0.520948,1
4072,90,1354485000,24982.81,7456.64 1,26278103.1,147,1.50E+13,0,3.14E+11,13143.07,0,1
4158,90,5776274000,19095.81,34791.32 2,24208460.14,251,6.43E+13,80539200000,0,15112.65,6.072767,1
4162,90,4672687000,24216.24,18926.44 1,84648453.72,208,4.84E+13,21756000000,70829000000,21557.1,1.65215,1
6002,90,11091871000,45136.53,32797.04 5,69960993.29,441,1.04E+14,70136333400,1.97E+12,23708.06,8.280099,1
6004,90,7122037000,40987.18,27949.73 4,17299144.98,246,7.38E+13,3.15E+11,0,96432.79,23.755237,1
6016,90,2010560000,8724.15,7524.77 1,61531194.14,130,2.07E+13,30652910400,0,32827.2,1.419956,1
6017,90,4708299000,23701.32,11250.55 3,49401622.85,240,4.88E+13,1.51E+11,0,40084.84,10.722602,1
6095,90,5721165000,24950.73,24402.99 2,27544125.75,219,5.84E+13,54643083600,0,14162.57,4.337266,1
6139,90,7409660000,27608.53,36926.87 2,18416766.96,131,8.04E+13,1.66E+11,0,15816.75,8.424476,1
6146,90,15624636000,62391.99,45495.52,455922837.1,618,1.73E+14,3.85E+11,0,143841.4,49.490077,1
6147,90,12963310000,71055.77,47687.92 3,29593092.68,458,1.46E+14,4.98E+11,0,60984.02,64.002205,1
6155,90,5568312000,48804.76,20219.89 2,49335094.14,234,5.44E+13,50059800000,0,25715.54,6.474642,1
6178,90,4178566000,15049.47,14464.42 1,32467343.92,110,4.06E+13,34160758800,0,7905.62,1.035943,1
6193,90,7271810000,25633.71,28478.78 1,98185871.03,148,6.68E+13,0,1.19E+11,14682.66,0,1
6248,90,3244095000,12106.54,22608.56 2,3365757.852,112,3.41E+13,90568791600,0,6985.64,8.466152,1
6264,90,7046188000,35199.73,20664.49 3,17291049.55,251,6.59E+13,2.15E+11,0,18505.8,19.879383,1
8042,90,10955621000,74295.99,43674.42 2,81288720.88,181,9.93E+13,1.02E+11,0,39058,5.209482,1
8102,90,13454960000,365308.27,62345.05 4,94960120.03,369,1.28E+14,2.18E+11,0,192140.6,21.123705,1
8226,90,3333567000,40220.61,9975.48 1,77644682.44,161,3.27E+13,0,1.60E+11,21119.97,0,1
,,,,,,,,,,,,
3,91,7421235000,53417.49,23023.37 3,73328693.99,412,7.16E+13,40057995600,4.02E+11,28094.55,2.655347,1
8,91,8695912000,107377.5,28156.52 3,46356727.07,477,8.47E+13,1.05E+11,0,56579.95,11.962459,1
470,91,3458565000,12292.06,16114.94 1,83174764.75,123,3.62E+13,51787650600,23784800000,7003.92,3.843109,1
602,91,4789172000,26612.58,15483.79 4,56836707.65,166,5.11E+13,6.57E+11,0,13966.08,34.065546,1
641,91,4330644000,103881.25,20049.33 2,77854668.27,244,4.61E+13,32222400000,8.94E+11,54656.6,3.750827,1
708,91,2470539000,30856.02,11166.36,191269355.1,279,2.62E+13,91908600000,0,16257.39,11.758545,1
709,91,8826731000,92809.81,38982.15 3,5569372.231,430,8.75E+13,54482400000,0,48793.39,6.99559,1
728,91,3895750000,68963.8,13017.64 2,89649514.92,406,4.08E+13,1.11E+11,0,36304.63,14.214443,1
856,91,3532451000,23890.15,15086.88 1,89266126.97,164,3.53E+13,42367949400,0,12593.36,2.390408,1
861,91,3398092000,109334.99,27705.40 2,23797620.84,289,3.57E+13,59366193600,0,57519.8,2.7,1
862,91,483492200,12956.65,2533.79 9,1053460.979,104,5.36E+12,56529400200,0,6822.9,2.991731,1
863,91,420507900,9282.88,1461.48 7,693510.2506,88,4.34E+12,48615890400,0,4885.96,2.750606,1
864,91,1018700900,25063.14,3597.17,134806002.8,149,1.06E+13,2.19E+11,0,13173.15,27.401874,1
876,91,2976439000,112205.58,27712.69 2,75696597.66,297,3.50E+13,0,1.29E+11,59083.2,0,1
879,91,3535071000,15074.85,19979.41 5,50172943.64,352,4.41E+13,0,1.59E+11,8687.23,0,1
887,91,6923490000,115531.92,23786.26 3,78139018.34,349,7.17E+13,69366767400,0,60777.74,6.377894,1
889,91,8858564900,227964.42,57478.30 3,52451993.72,266,9.09E+13,74676000000,0,119893.24,3.780595,1
983,91,9575326000,243325.26,62691.55 3,43767316.76,384,9.31E+13,20808295200,0,128110.23,1.607497,1
988,91,3409103000,53343.53,21020.99 3,38920426.25,336,3.37E+13,1.33E+11,0,28090.71,14.640132,1
991,91,575216000,6004.07,2224.77 1,22106797.16,103,6.75E+12,79444327200,0,3160.93,5.301764,1
994,91,9905461000,115666.72,27613.61 5,58571190.32,334,1.02E+14,97696872000,0,124522.39,6.791676,1
1004,91,130801950,4082.4,953.97 6,7127645.157,69,1.85E+12,28194600000,0,2145.2,2.187982,1
1008,91,2263637350,48615.23,12166.08 1,51638757.35,155,2.45E+13,1.89E+11,0,25593.97,9.793826,1
1012,91,2256222100,51513.02,9081.19,111766170.8,88,2.49E+13,9340800000,17595600000,27101.66,0.928776,1
1047,91,1187835500,6444.63,6571.77 9,4787525.78,54,1.41E+13,34104000000,0,3583.4,4.316428,1
1250,91,1978746000,4002.42,7746.05 1,20244086.9,134,2.15E+13,0,3.03E+11,4414.07,0,1
1355,91,3321443000,48487,11483.99 1,37979208.07,153,3.53E+13,57624000000,0,25541.67,5.83462,1
1356,91,10037625000,103584.79,32221.89 3,95835847.9,236,1.02E+14,1.43E+11,0,54448.12,14.527012,1
1357,91,682228000,14868.59,3730.41 7,3436319.885,109,7.92E+12,16464000000,0,7924.46,1.667034,1
1364,91,6525564000,172367.42,22139.86 3,52766185.9,352,6.75E+13,2.25E+11,86715000000,90743.28,18.242117,1
1570,91,580151000,4701.21,1903.12 6,2402391.339,66,6.31E+12,32571000000,0,2462.39,2.455899,1
1606,91,1103562000,11249.63,4489.06 3,9251158.566,70,1.07E+13,12244717800,0,5916,0.781422,1
1695,91,2017146000,10410.58,7074.61 1,45452736.71,151,1.99E+13,15762600000,0,5470.87,1.942393,1
1745,91,3129543000,17420.58,10630.45 3,61539886.74,299,3.26E+13,1.46E+11,0,9168.67,9.064498,1
1943,91,242120600,792.38,1489.56 4,5064340.616,46,2.93E+12,19404000000,0,447.06,1.964719,1
2080,91,2060675200,7078.79,9980.83 1,13859418.14,163,2.23E+13,41192453400,0,4025.16,3.170342,1
2103,91,10900689000,208563.48,38883.65 5,52925178.78,467,1.10E+14,5.04E+11,0,109672.89,65.192944,1
2107,91,4076423000,89437.2,30453.72 2,9186604.925,245,4.23E+13,33948600000,0,47053.14,4.390849,1
2526,91,717561600,10319.29,2854.97 8,6025988.946,84,8.15E+12,21962039400,0,5434.48,0.791841,1
2527,91,839562500,12678.95,3268.13 9,2946071.563,88,9.06E+12,42735000000,0,6674.47,1.542007,1
2535,91,2332303400,31037.39,6583.55 9,4672492.519,89,2.19E+13,9309098400,0,16325.22,0.333407,1
2549,91,4625934000,57396,21553.70 3,91050540.44,301,4.80E+13,0,0,30212.98,0,1
2554,91,4088624000,61841.38,11385.00 2,21048361.19,208,3.98E+13,0,0,32587.86,0,1
2642,91,1403216000,22515.87,4099.89 9,4629104.451,146,1.45E+13,56221200000,0,11835.58,5.775083,1
2706,91,1977622000,17530.88,8211.13 7,3808898.443,76,1.96E+13,46922400000,0,9219.69,2.381477,1
2718,91,1411519000,11380.7,4385.33 2,35023395.9,159,1.45E+13,1.92E+11,0,5969.67,9.793826,1
2721,91,1403171000,10644.1,4369.53 1,67136754.42,143,1.47E+13,1.13E+11,0,5587.14,5.775083,1
2727,91,9149880000,62889.18,24903.11 3,1245002.392,182,8.36E+13,1.58E+11,0,33073.52,8.037486,1
2790,91,436364600,2525.43,820.38 3,9085882.141,51,5.71E+12,0,199600000,3560.48,0,1
2850,91,14382206000,157671.16,63288.30 4,99972884.07,558,1.45E+14,88447228800,0,82945.03,11.660309,1
2864,91,2220551500,62723.04,11027.90 2,20342821.56,260,2.41E+13,17340447600,0,33040.33,1.789085,1
2872,91,7234055000,244917.31,41359.20 3,84778357.76,376,7.09E+13,2.16E+11,0,128839.3,21.674421,1
2876,91,7781547000,232338.05,50321.70 2,95247819.73,334,7.78E+13,29029980000,0,122322.54,2.828004,1
3098,91,2389738900,5283.1,12676.91 2,26518932.06,220,2.82E+13,93378217800,0,19885.03,5.731918,1
3130,91,1223497000,17213.58,4867.04,110906695.7,97,1.37E+13,1.24E+11,0,9057.54,15.424531,1
3131,91,3585570000,52649.31,13536.93 2,3692938.367,130,3.65E+13,4.10E+11,0,27665.2,50.694212,1
3138,91,1477291000,19062.35,7555.84,143061029,163,1.68E+13,49848409800,0,10041.82,3.027453,1
3140,91,9101454000,129629.7,26971.83 3,11826035.35,217,8.88E+13,2.72E+11,0,68070.54,8.559923,1
3149,91,8647086000,112837.29,24661.98 3,6884480.275,194,8.21E+13,4.14E+11,0,59273.85,12.288423,1
3178,91,2300158000,33621.59,10345.92 9,3517857.766,83,2.33E+13,30248400000,0,17677.64,2.32194,1
3297,91,3390891000,29125.23,14315.61 1,34866947.32,92,3.33E+13,6.67E+11,0,15293.98,20.254465,1
3497,91,7021764000,66781.14,20958.47 1,93653246.88,215,7.80E+13,0,1.36E+12,44623.76,0,1
3644,91,1193142000,4974.83,4110.26 5,8834547.62,97,1.29E+13,11844000000,0,2629.92,0.893054,1
3775,91,4347081000,25452.02,18025.28 1,68709567.6,170,4.10E+13,46404229200,0,13384.16,4.038093,1
3776,91,844255000,5301.01,3484.11 1,36743927.81,131,8.18E+12,1.00E+11,0,2772.86,2.560088,1
3788,91,2277243000,13913.54,6953.17 1,93960233.43,190,2.38E+13,1.71E+11,0,7333.37,4.78677,1
3796,91,1080326000,7859.37,4786.53 9,8407653.688,130,1.11E+13,43512000000,0,4120.71,2.202867,1
3936,91,281374000,1703.6,1206.12 1,43810497.79,144,2.77E+12,18592072800,0,896.01,1.905182,1
3945,91,362259000,2364.1,2128.16 7,9278175.033,81,4.69E+12,21911400000,0,1237.12,1.65215,1
3946,91,791054000,8602.17,5206.62 8,6250402.261,73,8.30E+12,23095800000,0,4536.1,1.741455,1
3947,91,4888528000,161926.69,32138.70 1,80905403.88,233,4.73E+13,19034731800,0,85242.17,0.638534,1
3948,91,5263422000,59486.78,23688.65 3,41458794.14,258,5.13E+13,2.94E+11,0,31260.09,26.653197,1
4054,91,939533000,5680.19,6790.71 5,3262229.989,63,9.98E+12,8648577000,0,2968.4,1.116318,1
4072,91,1524511000,25246.61,8464.90 1,26636385.22,149,1.69E+13,0,2.08E+11,13290.84,0,1
4158,91,6016141000,23671.54,37532.47,226320738.7,251,6.68E+13,60404400000,0,16660.41,4.554576,1
4162,91,4138106000,20251.79,16587.30 1,86320805.16,208,4.35E+13,15397200000,80191300000,15695.26,1.16097,1
6002,91,14124509000,58874.95,40574.22 7,37593267.93,446,1.31E+14,51035838000,2.86E+12,30987.98,5.974531,1
6004,91,6849896000,170860.24,21584.73 4,17872630.61,244,6.99E+13,3.38E+11,0,90010.67,25.45204,1
6016,91,2008293000,8542.68,7373.78 1,62681370.14,131,2.03E+13,29644637400,0,32072.9,1.82183,1
6017,91,4185675000,13440.75,10306.42 3,49700833.62,244,4.44E+13,1.66E+11,0,37142.88,11.106615,1
6095,91,5169301000,21205.27,22499.56 2,27693335.18,219,5.29E+13,90102957000,0,11995.6,9.920342,1
6139,91,8156987000,30269.2,40238.35 2,18558826.27,132,8.69E+13,1.62E+11,0,17240.85,8.186329,1
6146,91,15885755000,67345.81,46257.45 4,57488350.85,575,1.76E+14,2.19E+11,0,152772.51,28.131202,1
6147,91,11184884000,55100.94,41667.41 3,34438478.69,426,1.25E+14,4.29E+11,0,48491.31,55.071665,1
6155,91,5463839000,45148.97,21620.41 2,49635521.9,236,5.53E+13,96091800000,0,25800.36,12.428335,1
6178,91,3920830000,12759.55,13463.22 1,32511555.54,110,3.83E+13,34749737400,0,6640.39,1.053804,1
6193,91,7096837000,24165.66,30724.75 1,98855941.46,148,7.21E+13,0,63947700000,13788.76,0,1
6248,91,3049785000,11137.73,17490.79 2,3961523.562,125,3.29E+13,23666479200,84287700000,6356.48,2.318964,1
6264,91,5854979000,29712.77,17369.03 3,18142614.92,248,5.57E+13,2.80E+11,0,15549.15,24.493495,1
8042,91,13119586000,89273.56,53271.99,281619727.1,181,1.22E+14,1.28E+11,0,46980.36,6.549063,1
8102,91,14364952000,401136.64,68597.88 4,98401119.21,369,1.41E+14,1.85E+11,0,211161.47,18.155788,1
8226,91,2907949000,36216.46,8689.57,178360496.6,160,2.89E+13,0,2.10E+11,19078.95,0,1
,,,,,,,,,,,,
3,92,9407962000,66333.15,29068.21 3,77142614.19,414,9.05E+13,32970991200,4.77E+11,34839.72,2.192448,1
8,92,8410873000,114498.87,27525.39,348173283.4,477,8.26E+13,1.20E+11,0,60184.58,14.096858,1
470,92,3408628000,10782.6,15798.25 1,84384317.69,121,3.54E+13,47119472400,26267000000,6229.5,2.823539,1
602,92,6793320000,34817.12,20552.45 4,69481446.56,178,6.73E+13,5.49E+11,0,18387.12,25.425248,1
641,92,5702915000,130946.13,25802.10 2,78646333.83,250,5.87E+13,39127200000,4.07E+11,68875.79,4.554576,1
708,92,2107722000,27823.74,7576.69 1,95614303.08,244,2.25E+13,55843200000,0,14634.55,7.144432,1
709,92,7453272000,74937.53,33006.99 3,7502088.125,374,7.39E+13,68058900000,0,39403.95,8.707277,1
728,92,3848548000,65503.11,12851.40 2,89594807.3,381,4.03E+13,70968424800,0,34473.36,9.079383,1
856,92,3260246000,22010.07,12434.94 1,89745898.63,158,3.26E+13,36485097600,0,11596.61,2.089746,1
861,92,4044444000,120551.05,34112.09 2,29971323.64,292,4.34E+13,56425059600,0,63374.91,2.128445,1
862,92,306389590,8335.27,1675.77 9,1260105.015,103,3.53E+12,30944512200,0,4379.36,1.951323,1
863,92,349509200,7459.42,1308.18 7,1201573.661,88,3.86E+12,44907072000,0,3928.11,1.973649,1
864,92,884266500,20780.33,3245.63 1,43994080.96,149,9.65E+12,1.28E+11,0,10936.18,12.931422,1
876,92,3334606000,123064.94,30680.25 2,76777370.44,295,3.88E+13,0,60627200000,64777.95,0,1
879,92,1644850000,7543.23,9645.53 5,53906070.62,342,2.10E+13,0,3.38E+11,4290.96,0,1
887,92,7471660000,112996.1,25044.77,382015901.9,342,7.52E+13,59863146000,0,59396.31,4.070838,1
889,92,9040937900,236929.47,57649.29,352574194.8,273,9.22E+13,57036000000,0,124672.31,2.887541,1
983,92,9236310000,219126.65,61759.7,349785585.8,389,8.98E+13,17340246000,0,115290.37,1.339581,1
988,92,3021428000,45753.68,18621.71 3,43590221.28,330,2.93E+13,1.00E+11,0,24079.8,10.346031,1
991,92,551230000,6000.2,2078.39 1,23568975.87,104,6.24E+12,57361689000,0,3154.04,3.978556,1
994,92,9845661000,116587.81,27743.12 5,61079204.41,336,1.01E+14,86922360000,0,117866.45,5.804851,1
1004,92,124251400,3722.48,847.81 7,1408073.98,69,1.67E+12,21865200000,0,1958,1.696803,1
1008,92,1974000200,37164.99,10436.67 1,53808091.86,141,2.10E+13,1.74E+11,0,19539.32,13.529768,1
1012,92,2073866200,43942.32,8117.09 1,12438026.07,88,2.26E+13,9340800000,15038100000,23096.26,0.833517,1
1047,92,888536500,5087.71,5091.05 9,5367696.476,54,1.10E+13,44100000000,0,2834.01,5.581588,1
1250,92,2107465000,4080.86,8158.59 1,21121094.1,134,2.29E+13,0,3.09E+11,4658.97,0,1
1355,92,2508367000,38590.04,8537.59 1,42287180.26,158,2.68E+13,50568000000,0,20309.95,5.120176,1
1356,92,10351649000,114195.65,33357.42,396068979,233,1.05E+14,1.52E+11,0,59996.65,15.360529,1
1357,92,690191000,15338.23,3719.75,73454197.04,107,7.96E+12,7644000000,0,8076.94,0.77398,1
1364,92,7402985000,175916.95,24754.67 3,52170202.13,337,7.48E+13,2.21E+11,89995000000,92541.47,19.535557,1
1570,92,347905000,2584.98,1142.26 6,2737200.331,68,3.66E+12,26649000000,0,1357.72,2.009372,1
1606,92,1034897000,10513.24,4233.46 3,9280867.403,71,1.01E+13,20401542000,0,5539.68,1.250276,1
1695,92,1815779000,7580.11,6242.92 1,45948938.47,153,1.79E+13,33860400000,0,3945.64,6.301985,1
1745,92,2788495000,14808.34,10173.74 3,61629735.26,299,3.00E+13,69016642800,0,7763.69,4.886494,1
1943,92,198008400,732.97,1146.36 4,4303201.785,45,2.37E+12,14700000000,0,413.97,1.488423,1
2080,92,2164486900,7336.38,10806.54 1,14990336.95,162,2.42E+13,57996615600,0,4133.16,4.46527,1
2103,92,10960802000,163210.05,39321.10 5,63812827.46,464,1.12E+14,3.96E+11,0,88451.98,51.276185,1
2107,92,3619084000,77011.03,26867.83 2,10412750.96,244,3.75E+13,47758200000,0,40559.77,6.176957,1
2526,92,772904700,11093.92,2708.45 9,3421925.07,80,8.32E+12,16817665200,0,5846.16,3.366814,1
2527,92,1111452030,17912.63,4037.33,93642428.77,87,1.19E+13,28875000000,0,9421.23,5.804851,1
2535,92,2341236200,30963.56,6415.55 9,5887584.612,94,2.20E+13,9318918000,0,16294.2,1.857552,1
2549,92,4394552000,55595.93,20744.30 3,95528564.94,309,4.63E+13,0,0,29281.68,0,1
2554,92,3945876000,58467.99,11045.36 2,23715093.59,215,3.87E+13,70643244000,0,30738.41,7.924366,1
2642,92,1433971000,22981.1,4229.65,94931595.61,131,1.49E+13,56221200000,0,12089.3,6.086163,1
2706,92,2342846000,19465.62,9628.28 7,3986376.588,74,2.28E+13,38124450000,0,10237.5,1.93495,1
2718,92,2290656000,18781.94,6958.38 2,37172851.53,158,2.30E+13,1.81E+11,0,9869.36,9.228225,1
2721,92,1882723000,13880.41,5564.25 1,79597995.15,143,1.86E+13,69076736400,0,7273.12,3.542448,1
2727,92,10261981000,69490.52,27803.78 3,4400121.598,174,9.31E+13,1.27E+11,0,36547.66,6.519294,1
2790,92,373699900,1999.99,699.43 3,9140487.745,51,4.81E+12,0,102200000,2786.55,0,1
2850,92,14546093000,150676.28,61656.59,505932964.5,547,1.43E+14,95327773800,0,79294.33,8.748953,1
2864,92,2525328000,72446.06,13097.80 2,22478151.9,250,2.82E+13,13878169200,0,38109.39,1.317255,1
2872,92,8239596000,278673.25,50243.34 3,93357950.39,358,8.06E+13,2.56E+11,0,146613.46,23.939802,1
2876,92,8002324000,227980.07,50183.00 2,95331287.14,334,7.82E+13,37739574600,0,119984.8,3.676406,1
3098,92,2268137000,4486.68,11388.45 2,27134004.3,215,2.55E+13,63679589400,0,16847.95,1.433352,1
3130,92,1239245000,16484.48,4883.71 1,11158012.55,94,1.38E+13,75247309200,0,8657.41,8.320287,1
3131,92,3478716000,51086.4,12855.66 2,9468033.251,134,3.51E+13,2.35E+11,0,26834.24,25.270452,1
3138,92,1504578000,19624.33,7584.19 1,43424362.29,156,1.68E+13,44099840400,0,10329.83,2.327894,1
3140,92,8508883000,117417.13,24869.21 3,24711991.32,215,8.30E+13,2.25E+11,0,61733.33,6.328776,1
3149,92,9484153000,130860.03,26748.04 3,8590584.461,193,8.91E+13,4.18E+11,0,68738.88,11.70645,1
3178,92,2294310000,35168.65,10313.02 9,4082899.627,85,2.32E+13,18614400000,0,18514.61,1.428886,1
3297,92,3649078000,27750.07,15296.59 1,39539877.78,93,3.58E+13,2.66E+11,0,14587.32,10.731533,1
3497,92,5791230000,57537.06,17266.85 1,99118250.71,177,6.17E+13,0,1.81E+12,38354.86,0,1
3644,92,1308130000,5378.61,4597.20 5,9861035.291,97,1.46E+13,5292000000,0,2819.34,0.401874,1
3775,92,4427989000,23919.87,17831.88 1,70877923.23,157,4.09E+13,35902595400,0,12635.08,2.633021,1
3776,92,1322837000,8610.13,3854.61 1,37491719.2,126,1.29E+13,93085776000,0,4518.9,21.285943,1
3788,92,1898169000,12136.83,5930.37 1,96907130.45,193,2.03E+13,2.51E+11,0,6396.29,5.932856,1
3796,92,1049125000,6349.74,4609.27 9,8707636.139,130,1.06E+13,28812000000,0,3333.39,1.458655,1
3936,92,1099075000,6642.14,4819.02 1,44503513.61,128,1.11E+13,24501027600,0,3503.2,2.500551,1
3945,92,134858000,1355.65,795.31 7,9440972.552,80,1.76E+12,13028400000,0,710.86,0.982359,1
3946,92,619121000,7508.02,4204.96 8,8274358.85,63,6.39E+12,15397200000,0,3942.63,1.16097,1
3947,92,4620259000,141404.26,30009.12 1,83980394.26,228,4.43E+13,25664045400,0,74431.08,1.681918,1
3948,92,6424616000,70819.73,28258.35,343516978.6,256,6.22E+13,2.85E+11,0,37260.08,32.024917,1
4054,92,1003841000,7027.99,4761.61 5,3559913.576,63,1.05E+13,11942103600,0,3803.3,0.875193,1
4072,92,1482389000,20410.02,7832.98 1,32649869.28,149,1.55E+13,0,2.22E+11,10732.37,0,1
4158,92,6050195000,22745.83,36134.36 2,28768685.23,251,6.77E+13,72840600000,0,16545.36,5.492282,1
4162,92,4462066000,18837.65,17921.24 1,88404667.53,208,4.73E+13,31164000000,86444800000,16722.42,2.366593,1
6002,92,12331692000,54034.01,35998.70 7,40344472.24,468,1.16E+14,25445145600,2.42E+12,28418.19,2.47376,1
6004,92,8308793000,227016.99,26176.32,422804917.4,248,8.44E+13,2.74E+11,0,119423.15,20.674201,1
6016,92,2152626000,8282.8,7828.01 1,63223158.46,129,2.17E+13,28339071600,0,33541.2,1.750386,1
6017,92,3764904000,12435.77,8963.43 3,49881147.15,248,3.92E+13,1.48E+11,0,32460.07,8.001764,1
6095,92,6386495000,26771.62,22058.23 2,28281059.21,215,6.45E+13,49436646000,0,15255.78,5.060639,1
6139,92,7873834000,31749.68,39218.71 2,19289727.68,131,8.28E+13,1.21E+11,0,18152.43,6.102536,1
6146,92,16800378000,76909.68,49096.48 4,59460446.95,443,1.83E+14,1.26E+11,0,157675.4,16.223815,1
6147,92,11713059000,65152.44,43860.40 3,39028496.65,332,1.29E+14,4.93E+11,0,55236.71,63.332415,1
6155,92,5131640000,48346.66,17248.98 2,51821255.12,224,5.06E+13,48333600000,0,25451.14,6.251378,1
6178,92,4027707000,15840.3,10833.13 1,32948145.07,106,3.97E+13,19658331000,0,8304.38,1.424421,1
6193,92,7544424000,24446.82,25823.55 2,1821223.591,148,7.54E+13,0,1.33E+11,13903.54,0,1
6248,92,3094050000,13015.95,17714.24 2,4451158.372,125,3.32E+13,3470871600,89920800000,7444.03,0.33043,1
6264,92,6996298000,35592.39,20599.34 3,18346811.2,189,6.60E+13,1.82E+11,0,18716.6,15.423043,1
8042,92,12167453000,78560,49890.73 2,83702587.38,180,1.13E+14,1.09E+11,0,41264.86,5.554796,1
8102,92,14499313000,389739.45,68002.1,499751729,364,1.40E+14,1.40E+11,0,204960.01,14.04774,1
8226,92,3603627000,44575.35,10207.88 1,79755364.8,157,3.49E+13,0,1.86E+11,23510.7,0,1
,,,,,,,,,,,,
3,93,9587830000,68443.48,29591.94 3,77913306.93,398,9.20E+13,577970400,4.39E+11,36055.46,0.014884,1
8,93,7814781000,102263.01,24976.49 3,49617579.29,461,7.67E+13,1.30E+11,0,53793.03,12.659041,1
470,93,3508811000,10714.97,16426.46 1,98686980.11,123,3.68E+13,5163102000,85107000000,6040.44,0.361687,1
602,93,7590638000,38843.9,22657.71 4,72623830.42,237,7.45E+13,3.75E+11,0,20406.33,18.65441,1
641,93,4992086000,89646.46,22829.64 2,83574802.46,256,5.16E+13,51210600000,1.17E+12,47179.51,5.961136,1
708,93,1709185000,23393.79,6597.75 1,98001959.27,241,1.85E+13,84928200000,0,12325.35,10.865491,1
709,93,8170624000,82372.77,35577.38 3,8854285.411,379,7.97E+13,1.15E+11,0,43377.05,14.735391,1
728,93,4042421000,50705.68,13312.03 2,94034914.25,376,4.26E+13,98662200000,0,31946.99,12.577178,1
856,93,3050907000,23449.51,11624.75 1,90222728.94,159,3.05E+13,68943667800,0,12368.5,3.706174,1
861,93,3312320000,92314.7,27649.53 2,29514073.52,277,3.49E+13,43050642600,0,48548.4,1.842668,1
862,93,314252000,8060.19,1669.56,91933664.8,91,3.49E+12,22751824200,0,4243.43,1.53903,1
863,93,415003800,8807.18,1586.17,71918911.64,81,4.67E+12,33356878800,0,4634.3,1.640243,1
864,93,1093762500,27469.14,3640.41 1,44946351.03,142,1.10E+13,1.26E+11,0,14419.9,18.038203,1
876,93,3455972000,136965.27,32147.91 2,77247043.13,289,4.04E+13,0,1.73E+11,72035.3,0,1
879,93,4404895000,16658.75,25471.52 5,53390843.09,332,5.23E+13,0,2.10E+11,9578.24,0,1
887,93,7181803000,87055.43,22084.28 3,90215721.57,338,7.34E+13,96475906800,0,45799.06,6.971775,1
889,93,8157374390,195941.33,54673.56 3,64258576.9,274,8.54E+13,89964000000,0,103022.86,4.554576,1
983,93,9037767000,247015.37,61498.35 3,50184862.49,392,8.91E+13,24276344400,0,129992.35,1.875413,1
988,93,4453545000,67118.48,27772.41 3,46297850.67,330,4.31E+13,91573162800,0,35356.13,9.007938,1
991,93,733259000,8987.7,2820.90 1,24900761.79,103,8.45E+12,62589996000,0,4723.22,4.500992,1
994,93,9918811000,121508.09,28432.15 5,62471148.72,331,1.03E+14,1.23E+11,0,114702.29,9.511025,1
1004,93,214918050,5908.92,1406.65 6,8962901.823,62,2.82E+12,72500400000,0,3105.01,5.62624,1
1008,93,2368877250,46051.35,8595.47 1,58438289.54,143,2.51E+13,2.88E+11,0,24189.41,22.371003,1
1012,93,2275728000,43906.47,8746.73 1,12438026.07,88,2.43E+13,7589400000,10557500000,23139.3,0.677233,1
1047,93,728925960,4301.65,4367.63 9,5622419.137,54,9.42E+12,43512000000,0,2400.15,5.507166,1
1250,93,1734617000,4120.79,5685.90 1,23525893.79,140,1.99E+13,0,3.74E+11,4478.63,0,1
1355,93,3106330000,45194.5,10894.92 1,45668469.64,156,3.25E+13,91140000000,0,23793.13,9.228225,1
1356,93,10702203000,112707.72,33978.65 3,96096552.84,238,1.09E+14,1.28E+11,0,59429.6,12.919515,1
1357,93,917447000,19533.01,4974.15 7,3459223.374,103,1.06E+13,12348000000,0,10279.27,1.250276,1
1364,93,7313207000,182457.98,24732.64 3,52270949.14,327,7.58E+13,2.02E+11,88355000000,96088.6,17.920617,1
1570,93,286208000,2161.36,715.05 6,5021801.527,68,3.09E+12,25464600000,0,1135.92,1.920066,1
1606,93,866587000,9681.77,2854.86 3,9432242.59,67,8.44E+12,0,0,5089.94,0,1
1695,93,1713317000,8753.23,6036.65 1,46046538.47,153,1.70E+13,15178800000,71600000000,4598.89,2.825028,1
1745,93,3249484000,18932.15,11681.59 3,62431693.8,323,3.43E+13,1.33E+11,0,9958.4,9.9129,1
1943,93,466458200,1547.34,2485.16 4,5999577.964,47,5.24E+12,18228000000,0,878.31,1.845645,1
2080,93,2557790600,6865.92,12548.72 1,18257312.05,158,2.82E+13,31329471600,0,3904.52,1.607497,1
2103,93,9409548000,114538.71,28201.85,580063553.2,451,9.60E+13,6.27E+11,0,61012.2,81.119074,1
2107,93,3263580000,68327.61,26201.83 2,13783459.08,236,3.56E+13,54663000000,0,35996.34,7.070011,1
2526,93,760230800,11632.05,2751.66 9,4415788.747,70,8.30E+12,18571896000,0,6121.93,0.705513,1
2527,93,965926879,14850.55,3354.37 9,5512309.191,83,1.02E+13,23100000000,0,7804.33,0.833517,1
2535,93,1913271753,22965.43,5216.52,99085888.95,97,1.80E+13,37537500000,0,12094.74,7.643054,1
2549,93,3523557000,44372.14,16296.25 4,449089.901,307,3.69E+13,0,0,23362.25,0,1
2554,93,3564144000,51519.38,10071.56 2,28144671.77,210,3.45E+13,75348000000,0,27086.46,7.739802,1
2642,93,1083524000,17403.36,3250.85 9,6142263.476,131,1.14E+13,73029600000,0,9145.92,9.001985,1
2706,93,2480792000,19814.51,10256.52 7,5763199.892,58,2.43E+13,26980380000,0,10394.14,1.36935,1
2718,93,3518076000,25991.16,10608.56 2,37679037.64,160,3.51E+13,1.60E+11,0,13676.82,8.305402,1
2721,93,2472508000,18141.86,7320.67 1,82676394.51,140,2.44E+13,93692608800,0,9553.24,4.822492,1
2727,93,11202631000,74993.68,30558.56 3,6905229.339,175,1.02E+14,1.62E+11,0,39353.95,8.305402,1
2790,93,434291710,2152.19,798.58,39486645.52,47,5.63E+12,0,327600000,3182.61,0,1
2850,93,14578047000,127505.85,60729.08 5,9997562.748,535,1.42E+14,1.22E+11,0,67173.67,10.91312,1
2864,93,2504404000,81266.16,13361.90 2,24914011.76,237,2.94E+13,15005008200,0,42787.27,1.524146,1
2872,93,6786165000,226488.81,40079.02 3,96165168.02,359,6.67E+13,1.71E+11,0,119240.98,17.085612,1
2876,93,7388107000,212787.23,46510.65 2,95491758.29,337,7.19E+13,33674776800,0,112031.49,3.280485,1
3098,93,2531729600,5612.63,12832.24 2,27939296.68,196,2.90E+13,58895802000,0,21060.92,4.233076,1
3130,93,1191618000,15004.62,4652.30 1,13171785.34,91,1.32E+13,79473408000,0,7893.2,9.787872,1
3131,93,3543023000,49777.26,13098.62 2,14368098.12,133,3.61E+13,3.26E+11,0,26171.62,38.511466,1
3138,93,1552108000,20919.47,7790.82 1,44668205.64,140,1.74E+13,32517597000,0,11010.64,1.376792,1
3140,93,8112732000,103954.57,15913.92 3,31570169.2,212,7.87E+13,4.70E+11,0,54712.83,15.070287,1
3149,93,9942653000,134581.54,28249.33 3,15343492.08,191,9.31E+13,4.05E+11,0,70902.62,11.908875,1
3178,93,2217695000,32769.48,10054.87 9,5926794.694,88,2.26E+13,22686300000,0,17272.71,1.741455,1
3297,93,4326470000,38617.6,18042.15 1,41047634.85,93,4.25E+13,1.39E+11,0,20324.84,5.151433,1
3497,93,5964132000,60227.69,17544.08 2,642032.142,178,6.64E+13,0,9.91E+11,40332,0,1
3644,93,1359725000,5596.19,4568.25 6,328175.0429,90,1.47E+13,8820000000,0,2923.2,0.669791,1
3775,93,4112403000,20018.39,16794.38 1,74813419.16,169,3.82E+13,33581557800,0,10481.91,2.621114,1
3776,93,1533276000,10358.7,4607.68 1,39660227.74,125,1.56E+13,1.06E+11,0,5423.87,25.463947,1
3788,93,2089635000,13348.18,6451.55 2,555422.867,187,2.23E+13,2.33E+11,0,7031.93,5.998346,1
3796,93,1236259000,8847.8,5503.37,98758379.32,119,1.27E+13,39396000000,0,4637.82,1.994487,1
3936,93,994852000,5878.7,4456.86 1,44743958.15,136,1.01E+13,21442537200,0,3105.72,2.202867,1
3945,93,158753000,1425.64,919.96 8,3951459.548,80,2.05E+12,17173800000,0,746.23,1.294928,1
3946,93,690858000,8293.4,4739.56 8,9193471.854,72,7.19E+12,15397200000,0,4358.79,1.16097,1
3947,93,4831300000,144768.12,31137.52 1,84930608.61,226,4.59E+13,23238923400,0,76138.61,1.537541,1
3948,93,6568100000,58117.48,27962.87,345862781.3,253,6.17E+13,3.25E+11,0,30498.24,34.970507,1
4054,93,1111269000,4286.24,6308.11 5,3920563.846,63,1.16E+13,11942103600,0,2346.24,1.562845,1
4072,93,1532576000,7557.27,9784.15 1,32905545.08,150,1.69E+13,0,2.77E+11,4270.36,0,1
4158,93,6043644000,22939.28,37186.12 2,31648613.18,252,6.63E+13,60996600000,0,17387.51,4.599228,1
4162,93,4565150000,20282.47,18688.73 1,91857816.6,212,4.87E+13,29988000000,91124000000,16091.32,2.277288,1
6002,93,14843774000,65358.72,43206.78 7,40635172.64,423,1.39E+14,96003675600,2.27E+12,34423.24,10.652646,1
6004,93,8031451000,216064.61,25496.12 4,27256666.31,245,8.17E+13,3.34E+11,0,113815.84,25.184123,1
6016,93,2217871000,9176.17,8046.44 1,62825021.41,129,2.23E+13,24290280000,0,34478.4,1.375303,1
6017,93,5733074000,27850.67,13424.11 3,49890214.44,212,5.80E+13,1.53E+11,0,38658.24,11.395369,1
6095,93,6759133000,22499.22,23433.42 2,28327882.45,216,6.79E+13,49436646000,0,12886.5,4.175028,1
6139,93,8056686000,30951.21,40390.38 2,19961482.32,130,8.45E+13,1.55E+11,0,17683.92,7.829107,1
6146,93,15626801000,67533.08,45092.00 4,63201829.35,438,1.67E+14,2.89E+11,0,124829.55,37.061742,1
6147,93,11059499000,62534.75,40032.82 3,40080660.33,342,1.19E+14,2.81E+11,0,51212.66,36.019846,1
6155,93,4983003000,49688.22,18567.92 2,52916320.24,219,5.14E+13,1.05E+11,0,26114.54,13.544653,1
6178,93,4717859000,18276.08,12940.73 1,32582581.87,104,4.58E+13,16351927200,0,9704.7,1.2086,1
6193,93,7836167000,23945.29,26760.31 2,2313364.349,146,7.83E+13,0,1.10E+11,13822.28,0,1
6248,93,3049384000,12378.74,17738.25 2,4922926.695,126,3.32E+13,1736670600,1.92E+11,7046.9,0.16075,1
6264,93,5450685000,27405.04,16089.09 3,18786302.08,244,5.10E+13,1.63E+11,0,14408.58,13.851268,1
8042,93,13825005000,97442,56600.09 2,83856009.24,176,1.27E+14,1.22E+11,0,51445,6.251378,1
8102,93,13911035000,362232.07,64422.51 5,360095.878,387,1.34E+14,3.00E+11,0,190580.69,34.431698,1
8226,93,3238308000,35630.16,6585.50 1,83846214.72,150,3.17E+13,0,2.34E+11,18777,0,1
,,,,,,,,,,,,
3,94,9267520000,63328.77,27972.35 3,80200860.5,379,8.92E+13,572871600,3.44E+11,33262.34,0.029768,1
8,94,7412375000,96638.22,23477.89 3,57787829.56,438,7.17E+13,1.29E+11,0,50832.88,5.338975,1
470,94,3253066000,10144.28,15012.58 2,1043382.803,114,3.38E+13,0,79245000000,5746.06,0,1
602,94,8857557000,45856.27,26991.10 4,73056880.17,165,8.76E+13,2.95E+11,0,24170.7,15.181918,1
641,94,3953253000,67673.96,13682.98 2,88662887.94,242,4.19E+13,66756988200,5.14E+11,35623.02,7.702591,1
708,94,1316388000,14304.73,5266.44 2,8775145.125,234,1.43E+13,1.22E+11,0,7520.76,15.554024,1
709,94,7047765000,68416.37,30509.65,309881982.3,357,6.84E+13,51189600000,0,35964,1.601544,1
728,94,2346912000,32277.9,6476.86 2,96318661.52,357,2.57E+13,1.33E+11,0,21558.51,6.816979,1
856,94,3520325000,29485.84,11528.25 1,90524823.9,160,3.54E+13,69742184400,0,15495.65,0.893054,1
861,94,4144047000,69524.26,34742.29 2,31498757.8,289,4.33E+13,55303390800,0,36528.66,0.73677,1
862,94,441637300,11559.94,2326.53 9,2655657.083,104,4.87E+12,38223074400,0,6082.56,1.571775,1
863,94,357114600,7268.84,1292.09 7,1778057.629,88,3.74E+12,49443811200,0,3824.92,2.734234,1
864,94,1049082700,27896.59,3857.50 1,46214097.92,145,1.14E+13,5.76E+11,0,14575.35,82.183297,1
876,94,3521605000,132453.92,31683.79 2,79407675.78,268,4.00E+13,0,1.22E+11,69729.65,0,1
879,94,3354541000,13098.26,19892.60 5,58080886.71,319,4.13E+13,0,2.26E+11,7504,0,1
887,94,7184340000,65298.89,22687.86 4,1260603.177,333,7.52E+13,1.40E+11,4.61E+11,35098.32,11.283738,1
889,94,8640512550,225093.3,54742.96 3,75833941.88,275,8.89E+13,85260000000,0,118492.15,4.316428,1
983,94,9095228000,255580.79,60848.85 3,69668247.95,397,8.88E+13,23698336200,0,134573.78,1.830761,1
988,94,4348180000,55019.07,24356.58 3,49252011.5,210,4.22E+13,1.26E+11,0,28944.42,13.285667,1
991,94,553240000,7306.34,1816.22 1,26425343.39,100,6.43E+12,1.05E+11,0,3845.22,2.155237,1
994,94,10164108000,116281.23,26218.84 5,64335840.12,327,1.05E+14,1.64E+11,0,121731.38,13.900386,1
1004,94,290047050,7513.83,1837.42 7,453751.3774,57,3.64E+12,79980600000,0,3950.48,6.206725,1
1008,94,3057926050,48053.01,10146.96 1,61725253.63,133,3.21E+13,2.24E+11,0,25272.47,14.288864,1
1012,94,1850760800,38978.17,6874.09 1,17062138.54,97,1.96E+13,4086600000,26880800000,20533.19,0.343826,1
1047,94,837459500,5550.83,4732.06 9,6124198.069,54,1.02E+13,79968000000,0,3058,10.121279,1
1250,94,1784020000,3618.36,5454.58,125084926.7,138,2.02E+13,0,4.10E+11,3883.75,0,1
1355,94,3414563000,44636.32,8295.98 1,49081423.99,150,3.57E+13,67032000000,0,23481.14,6.787211,1
1356,94,10943635000,95401.77,30333.07 4,36861143.16,248,1.11E+14,1.50E+11,0,50239.22,15.181918,1
1357,94,923632000,20642.88,5111.96 7,3739016.764,100,1.08E+13,15876000000,0,10871.84,1.607497,1
1364,94,7081421000,187712.26,24487.31 3,61529616.93,319,7.43E+13,2.26E+11,86510000000,98746.78,21.162404,1
1570,94,323145000,2460.74,777.72 6,8197836.71,68,3.49E+12,33755400000,0,1292.83,2.545204,1
1606,94,886227200,10173.31,2640.70 3,9349184.479,67,8.87E+12,0,0,5346.12,0,1
1695,94,1974550000,9757.88,6965.57 1,47769725.71,151,1.95E+13,14595000000,94800000000,5101.25,2.902426,1
1745,94,3302270000,19499.91,11703.08 3,68898634.16,305,3.53E+13,1.22E+11,0,10280.5,7.918412,1
1943,94,475607300,1629.62,2657.11 4,6302977.371,46,5.34E+12,16464000000,0,920,1.667034,1
2080,94,2568280900,6635.12,5977.68 1,18757484.16,146,2.35E+13,26722458000,0,4376.32,2.327894,1
2103,94,11587748000,132645.56,32011.54 5,95651229.77,437,1.20E+14,3.76E+11,0,69832.19,48.671444,1
2107,94,2836889000,52608.44,20476.74 2,17016637.72,227,3.08E+13,58115400000,0,28489.4,7.516538,1
2526,94,626155457,8697.73,1981.60 9,3940096.173,55,6.57E+12,9841083000,0,4565.95,0.379548,1
2527,94,725181650,10666.75,2295.51 9,5501087.561,61,7.42E+12,22522500000,0,5609.94,0.870728,1
2535,94,1786920877,21659.13,4812.77,99779260.25,101,1.67E+13,26366331600,0,11391.14,1.004686,1
2549,94,3717172000,46618.29,11125.75 4,6735129.699,285,4.02E+13,0,0,24537.37,0,1
2554,94,3067662000,48379.31,6189.15 2,33939643.36,204,3.04E+13,1.28E+11,0,25446.04,23.02591,1
2642,94,938919000,15291.46,2880.29 9,6598470.83,107,1.01E+13,46368000000,0,8034.49,1.942393,1
2706,94,2130038000,18482.41,9035.87 7,6848846.318,74,2.10E+13,31086090000,0,9725.43,1.577729,1
2718,94,3510104000,27981.98,9151.63 2,40346686.83,138,3.47E+13,1.87E+11,0,14725.7,9.52591,1
2721,94,2135624000,14388.63,6427.98 1,98925920.11,132,2.16E+13,1.00E+11,0,7584.81,5.120176,1
2727,94,11481844000,76043.5,28734.38 3,16332615.66,173,1.04E+14,2.09E+11,0,40031.04,10.68688,1
2790,94,445507780,2844.26,863.31 3,9640775.192,50,6.02E+12,0,531500000,4164.86,0,1
2850,94,15360667000,143285.54,65151.89 5,14894862.16,535,1.50E+14,1.58E+11,0,75496.84,8.504851,1
2864,94,2333689000,74076.96,13847.90 2,25855563.1,225,2.70E+13,13866232800,0,38992.94,0.616207,1
2872,94,5737988000,195991.29,29830.24 4,1812781.376,369,5.74E+13,2.53E+11,0,103145.78,24.691455,1
2876,94,7960010000,230983.79,50559.1,296058206.7,337,7.98E+13,31932978000,0,121532.41,3.110805,1
3098,94,2258805000,5409.32,11746.95 2,31771263.52,191,2.65E+13,1.39E+11,0,20321.38,4.596251,1
3130,94,1241640000,15538.61,3723.44 1,14213485.71,79,1.40E+13,87099885600,0,8165.75,9.04366,1
3131,94,3118121000,49498.87,8952.33 2,26573300.14,118,3.41E+13,3.47E+11,0,25988.73,42.795149,1
3138,94,1296819000,17884.9,6489.32 1,40649604.92,124,1.43E+13,30138028200,0,9410.91,1.726571,1
3140,94,7034345000,100060.2,14143.18 3,51285174.24,209,6.91E+13,8.01E+11,0,52588.4,22.138809,1
3149,94,8322705000,118053.39,17040.58 3,21809354.52,187,8.08E+13,7.10E+11,0,62002,19.267641,1
3178,94,1463472000,21937.68,6150.13 1,13720561.39,87,1.50E+13,29085000000,0,11552.9,2.232635,1
3297,94,4284279000,41737.23,18088.98 1,41841774.12,93,4.18E+13,1.86E+11,0,21958.8,3.268578,1
3497,94,6843953000,62824.02,20016.66 2,2333557.608,192,7.52E+13,0,9.28E+11,41830.28,0,1
3644,94,1366958000,5303.15,4729.55,61128257.92,90,1.51E+13,9408000000,0,2774.2,0.714443,1
3775,94,4415564000,21573.4,18249.03 1,77045409.63,173,4.15E+13,38777075400,0,11337.43,3.14355,1
3776,94,1706323000,11382.57,5120.82 1,40195274.94,129,1.72E+13,1.31E+11,0,5937.19,30.340022,1
3788,94,2109207000,12985.31,6501.93 2,3592474.674,179,2.23E+13,2.63E+11,0,6827.24,9.1672,1
3796,94,996138000,8507.57,4419.02 9,4769849.569,106,1.02E+13,29400000000,0,4488.05,1.488423,1
3936,94,981937000,5646.48,4314.71 1,48354974.16,134,9.87E+12,18483444000,0,2963.11,1.905182,1
3945,94,262443000,2473.55,1509.22 8,4966344.912,77,3.33E+12,26056800000,0,1296.14,1.964719,1
3946,94,765440000,9150.82,5296.83 8,9950917.276,72,8.02E+12,13028400000,14761200000,4830,0.982359,1
3947,94,4498271000,139385.68,29481.12,185221662.1,235,4.33E+13,25659261600,0,73317.77,1.696803,1
3948,94,8600090000,82858.06,26569.74 3,54032232.81,250,8.39E+13,2.43E+11,0,43707.49,25.5086,1
4054,94,1156103000,3946.83,4192.51 5,4164926.754,65,1.16E+13,5118120000,0,2250.57,0.535832,1
4072,94,1677014000,6700.04,8354.53 1,36127740.92,143,2.01E+13,0,2.96E+11,3526.29,0,1
4158,94,6183480000,24617.77,37027.93 2,35377484.98,249,6.80E+13,71736000000,0,19190.16,5.44763,1
4162,94,4951002000,20459.64,19873.14 2,250076.881,209,5.19E+13,18228000000,1.23E+11,19618.06,1.384234,1
6002,94,14042675000,61033.4,40862.96 7,43500676.1,391,1.31E+14,1.30E+11,2.86E+12,32269.5,12.62183,1
6004,94,7507569000,219356.75,24125.02,429971638.2,245,7.63E+13,3.14E+11,97965000000,115469.7,23.710584,1
6016,94,2154023000,9634.37,7957.26 1,63610036.54,129,2.17E+13,26844753600,0,36265.32,0.890077,1
6017,94,5232107000,26093.41,12872.07 3,54080222.45,239,5.51E+13,1.66E+11,0,34909.31,5.638148,1
6095,94,5413480000,17907.36,19450.39 2,29299312.27,175,5.55E+13,63395228400,0,10173.91,5.353859,1
6139,94,7547960000,27771.26,37196.46 2,21081537.6,133,7.84E+13,1.55E+11,0,15783.01,7.858875,1
6146,94,16492472000,73719.77,47789.36,464324784.3,447,1.78E+14,2.41E+11,0,131933.1,30.884785,1
6147,94,7237976000,50531.84,23914.78 3,41412268.4,271,7.76E+13,1.00E+11,0,33670.5,12.874862,1
6155,94,5808313000,32940.38,19852.45 2,53966704.81,214,5.71E+13,32222400000,0,18834.84,4.167585,1
6178,94,4016140000,14264.14,10827.01 1,33116290.26,83,3.93E+13,26237925000,0,7577.64,1.942393,1
6193,94,7603650000,25251.3,26461.86 2,3169122.424,142,7.62E+13,0,86383800000,14550.69,0,1
6248,94,2734983000,11172.13,16004.48 2,18860495.58,119,2.99E+13,565849200,1.33E+11,6359.85,0.046141,1
6264,94,7480220000,37294.03,21862.33,318777696.2,238,6.96E+13,3.02E+11,0,19574.61,25.344873,1
8042,94,13268637000,84562.1,53743.36 2,84003770.35,172,1.20E+14,83747714400,0,44454.41,4.286659,1
8102,94,12476389000,326164.55,58753.86 5,5144513.089,464,1.21E+14,2.21E+11,0,171674.43,23.112238,1
8226,94,3928002000,48823.95,8076.87,184310668.9,133,3.88E+13,0,2.22E+11,25651.2,0,1
,,,,,,,,,,,,
3,95,9814575000,66215.97,29185.30 3,83751827.49,344,9.39E+13,63877312800,3.11E+11,34832.94,6.072767,1
8,95,8853639000,129487.28,27151.45 3,61789386.54,404,8.56E+13,1.07E+11,0,68171.55,10.322216,1
470,95,4023033000,12108.53,18373.75 1,97706004.12,111,4.13E+13,0,1.22E+11,6995.09,0,1
602,95,9091443000,47620.42,27284.13 4,71692917.06,155,8.89E+13,1.77E+11,0,25148.2,7.452536,1
641,95,3609457000,28320.89,12170.85 2,89559523.93,238,3.84E+13,44790900000,8.90E+11,14858.77,5.73043,1
708,95,2521650000,20126.54,9363.01 2,10398963.5,228,2.64E+13,1.07E+11,0,10574.41,5.477398,1
709,95,8697459000,74394.42,38199.91 3,12119339.39,352,8.45E+13,54098100000,0,39282.67,2.768467,1
728,95,2702823000,17971.28,6946.38 3,1319370.704,339,2.96E+13,1.07E+11,0,10514.97,5.477398,1
856,95,3473843000,36173.58,11699.17 1,90817620.73,160,3.48E+13,69207331200,0,19056.6,0.826075,1
861,95,3091145000,27793.89,26231.54 2,32415462.33,278,3.21E+13,54828912600,0,14582.83,0.2828,1
862,95,323597800,8599.08,1750.37 9,2716137.313,102,3.66E+12,28372822800,0,4528.51,0.218798,1
863,95,299892100,7444.53,1188.02 7,2131429.304,86,3.42E+12,34571426400,0,3922.46,0.267916,1
864,95,1066306900,22096.89,3860.06,145795541.8,146,1.12E+13,2.38E+11,0,11609.57,30.323649,1
876,95,2350041000,11193.7,19352.64 2,82341607.05,236,2.69E+13,0,1.52E+11,5892.58,0,1
879,95,4778160000,17660.96,26730.93 5,65027878.52,296,5.51E+13,0,1.71E+11,10054.4,0,1
887,95,7821165000,26552.23,24641.03 4,6772678.518,321,8.07E+13,26670583800,3.93E+11,15177.65,1.588148,1
889,95,9752835000,252344.6,58823.78 3,70118571.36,233,9.87E+13,90552000000,0,132707.59,4.584344,1
983,95,9340285000,91937.78,72524.10 3,73921459.45,413,9.48E+13,31223329200,0,48429.79,2.411246,1
988,95,4093609000,36165.8,22324.36 3,51012498.35,233,3.96E+13,1.14E+11,0,18994.99,11.950551,1
991,95,688587000,8735.57,2184.51 1,28694860.29,96,7.98E+12,64862044800,0,4609.71,0.50011,1
994,95,10519333000,112143.86,28056.32 5,66609610.64,324,1.09E+14,1.19E+11,0,118452.37,10.984564,1
1004,95,176041000,4721.35,1220.34 7,912061.9453,56,2.40E+12,55238400000,0,2482.7,4.286659,1
1008,95,2645753000,37828.02,8887.03 1,62628193.1,129,2.84E+13,2.23E+11,0,19884.87,17.146637,1
1012,95,2111457500,7105.08,7972.70 1,17820473.55,101,2.27E+13,0,26336900000,31459.78,0,1
1047,95,775610820,5155.11,4479.31 9,6423939.55,54,9.66E+12,38808000000,0,2864.14,0.196472,1
1250,95,1826733000,3237.72,5313.80 1,30805936.94,129,2.06E+13,0,3.37E+11,3512.72,0,1
1355,95,2378139000,25578.22,5881.68 1,50640149,146,2.48E+13,79380000000,0,13483.54,8.037486,1
1356,95,11790910000,52589.45,32176.01 4,43699032.63,260,1.20E+14,1.23E+11,0,67442.26,12.443219,1
1357,95,738493000,18391.95,3582.75 7,5150738.944,97,8.83E+12,19992000000,0,9678.6,2.024256,1
1364,95,7368357000,186398.73,24976.23 3,63805084.89,317,7.46E+13,1.81E+11,1.13E+11,98181.83,11.919294,1
1570,95,197208000,1557.52,474.19 6,8616435.173,68,1.87E+12,23095800000,0,821.56,1.741455,1
1606,95,949827599,7070.82,2812.58 3,9349184.479,67,9.47E+12,0,0,3724.02,0,1
1695,95,1984754000,11255.32,7312.87,147879776.9,147,1.97E+13,31525200000,78300000000,5940.18,5.867365,1
1745,95,3730602000,20053.57,14025.93 3,69896182.68,286,3.96E+13,1.65E+11,0,10545.2,10.216538,1
1943,95,395616200,1423.54,2113.71 4,6348523.021,46,4.49E+12,14700000000,0,818.23,1.488423,1
2080,95,2380121800,3044.88,5353.73 1,19637880.42,143,1.57E+13,36684345600,0,2043.94,2.062955,1
2103,95,13239359000,106852.53,36358.13 6,3103966.504,422,1.33E+14,1.85E+11,0,61080.82,23.889195,1
2107,95,3350084000,43531.3,16491.72,226012348.4,227,3.62E+13,39127200000,0,24866.8,5.060639,1
2526,95,550566200,8775.01,1601.70 9,3884464.586,39,5.70E+12,5189713200,0,4611.6,0.200937,1
2527,95,685440906,9760.58,2071.10 9,5777365.688,46,6.96E+12,12127500000,0,5125.5,0.468853,1
2535,95,1987739900,8893.66,5502.27 1,110847.114,100,1.92E+13,20461337400,0,14581.04,0.781422,1
2549,95,3343543000,38251.62,15225.70 4,11352539.9,181,3.57E+13,0,0,20111.34,0,1
2554,95,3509966000,49025.74,6996.45,239375630.2,160,3.44E+13,99691200000,0,25791.96,17.920617,1
2642,95,1200409000,20523.21,3657.52 9,9413894.171,123,1.30E+13,40572000000,0,10799.89,6.147189,1
2706,95,2609136000,19915.4,10775.97 7,7999128.021,74,2.52E+13,29974518000,0,10479.58,1.518192,1
2718,95,3349714000,18694.23,7046.45 2,40711925.97,126,3.37E+13,2.32E+11,0,9851.96,11.877619,1
2721,95,2403835000,16360.61,5006.17 2,1444289.636,119,2.32E+13,77914212600,0,8578.46,3.988975,1
2727,95,12561314000,82525.21,23873.95 3,20467599.97,160,1.13E+14,1.14E+11,0,43492.28,5.83462,1
2790,95,225761800,1293.2,423.05 4,1162093.092,46,3.17E+12,0,429600000,2271.83,0,1
2850,95,14397656000,98873.56,60146.03 5,22278283.87,535,1.40E+14,1.33E+11,0,52006.78,9.722381,1
2864,95,1509691000,37298.99,7940.10 2,17353799.76,111,1.72E+13,8058556800,0,19627.99,0.529879,1
2872,95,5580898000,114387.78,27560.81 4,5811729.758,368,5.49E+13,2.84E+11,0,60205.78,27.61323,1
2876,95,7953432000,86887.41,45786.15,296595955.3,340,7.73E+13,26131140000,0,45732.36,2.009372,1
3098,95,2411631000,5774.42,8544.08 2,33440561.63,189,2.77E+13,1.79E+11,0,21727.73,4.849283,1
3130,95,1131014000,14622.72,3490.53 1,16130615.82,73,1.27E+13,49640123400,0,7680.06,5.466979,1
3131,95,3780447000,55383.83,9985.71 2,33451981.34,102,3.92E+13,2.23E+11,0,29091.37,28.079107,1
3138,95,1502285000,19626.26,7327.18,140969658.3,96,1.65E+13,26122500600,0,10341.03,2.074862,1
3140,95,7764372000,93263.85,15624.15 3,60931207.51,171,7.70E+13,3.74E+11,0,49033.05,12.185722,1
3149,95,8945801000,130870.8,18276.95 3,29570052.49,154,8.64E+13,6.19E+11,0,68945.79,18.172161,1
3178,95,1481879000,19270.74,4534.83 1,28231461.46,87,1.18E+13,43045800000,0,10141.68,3.3043,1
3297,95,4127259000,37783.53,17334.03 1,44912305.86,95,4.01E+13,1.17E+11,0,19892.05,3.347464,1
3497,95,5781047000,55078.43,17031.65 2,14285066.21,188,6.20E+13,0,1.29E+12,36707.44,0,1
3644,95,1352883000,5290.09,4791.05 6,1168963.316,85,1.54E+13,9408000000,0,2771.98,0.238148,1
3775,95,4081107000,21671.7,16794.42 1,78853463.1,169,3.79E+13,34167798000,0,11399.67,2.78484,1
3776,95,1500298000,10344.01,4608.94 1,42124914.37,126,1.55E+13,87798068400,0,5422.5,20.316979,1
3788,95,1972332000,11744.65,6072.60 2,7091011.492,180,2.11E+13,1.38E+11,0,6178.61,4.628997,1
3796,95,1327251000,10646.2,6294.07 9,9777115.588,103,1.37E+13,24108000000,0,5610.55,1.220507,1
3936,95,1203444000,6833.47,5344.82 1,48705516.99,132,1.22E+13,24376640400,0,3594.18,2.500551,1
3945,95,166616000,1647.06,961.41 8,5018354.416,75,2.25E+12,13028400000,0,868.56,0.982359,1
3946,95,856091000,9644.47,5630.75 8,9909237.332,71,7.84E+12,0,30300000000,5075.4,0,1
3947,95,4709260000,122206.99,30658.91,186474791.4,232,4.59E+13,22154076000,0,64276.11,1.452701,1
3948,95,8441366000,60530.61,25390.45 3,53809601.36,247,8.10E+13,1.85E+11,0,31783.47,19.234895,1
4054,95,1098532000,4031.45,4194.55 5,4171219.493,66,1.16E+13,2274686400,0,2305.55,0.059537,1
4072,95,1755690000,4515.02,9753.19 1,36787848.47,142,1.96E+13,0,2.22E+11,2579.97,0,1
4158,95,5956956000,23556.13,36981.05 2,37128752.13,223,6.61E+13,61740000000,0,17955,1.562845,1
4162,95,4772109000,19495.51,19115.72 2,1574685.056,196,5.00E+13,588000000,1.34E+11,16577.15,0.014884,1
6002,95,18212069000,77200.94,61100.02 7,50024803.65,392,1.73E+14,1.69E+11,2.08E+12,41440.54,12.859978,1
6004,95,8165553000,252181.26,26195.16 4,32196074.81,240,6.92E+13,592200000,1.94E+11,132743.38,0.044653,1
6016,95,2168113000,8192.35,7906.44,163209953.2,129,2.17E+13,26692705200,0,30798,0.27387,1
6017,95,5827031000,26203.03,13572.93 3,54778869.75,234,5.76E+13,88421125800,0,39486.18,0.452481,1
6095,95,7208426000,23068.56,25270.84 2,29893499.3,122,7.27E+13,78517026000,0,13053.79,6.630926,1
6139,95,7441328000,27225.95,36288.08 2,21379105.93,127,7.65E+13,1.72E+11,0,15547.62,8.692393,1
6146,95,15443100000,85444.05,44713.53 4,69143349.93,424,1.67E+14,3.45E+11,0,153214.4,44.355017,1
6147,95,9577486000,51053.82,33217.76 3,68974952.27,321,1.03E+14,4.83E+11,0,43422,61.992834,1
6155,95,6105649000,32078.06,17394.15,258435229,212,6.31E+13,57540000000,0,18218.75,7.442117,1
6178,95,3991045000,13918.99,10463.86 1,33155954.51,78,3.79E+13,32457600000,0,7323.12,2.500551,1
6193,95,7559039000,24691.27,25865.90 2,5321676.572,138,7.50E+13,0,1.11E+11,14222.01,0,1
6248,95,3479430000,17075.84,19354.96 2,10719905.51,106,3.63E+13,4.30E+11,1.86E+11,9652.72,34.282856,1
6264,95,5410832000,24348.36,15794.71 3,19167357.95,236,4.99E+13,1.85E+11,0,12708.76,15.193826,1
8042,95,12063195000,58615.06,48470.22 2,85833660.72,162,1.09E+14,99380832600,0,30839.2,5.090408,1
8102,95,14135869000,38152.46,66926.98 5,4971330.918,474,1.38E+14,1.86E+11,0,186213.12,19.002701,1
8226,95,34314020,42926.19,7085.41 1,85095103.6,125,3.42E+13,0,1.91E+11,22638,0,1